Sample name,Proportion classified,Precision reads,Precision taxa,Recall reads,Recall taxa,F1 score reads,F1 score taxa,L1 distance,Aitchisons distance,Robust Aitchisons distance,Bray-Curtis dissimilarity raw,Bray-Curtis dissimilarity relative abundance,Simpson's diversity,Shannon diversity,Chao1 richness,McIntosh's evenness,Pielou evenness,Simpson's evenness,Number of taxa,Mean F1 score,Mean Precision,Mean Recall
marine_sample_0-MetaPhlAn,0.7631140487745981,0.30251409394356565,0.8492063492063492,0.23855718693115785,0.8262548262548263,0.2667556523847886,0.8375733855185911,42254837.0,88.74019576248413,16.797956105423253,0.7332443476152114,0.759680324961442,0.9569779353823952,5.921364910577937,252.0,0.20741965830259296,0.7422786924067251,0.09223764604337822,252.0,0.5521645189516898,0.5758602215749574,0.5324060065929921
marine_sample_1-MetaPhlAn,0.8023051198480106,0.3740597316999437,0.8711864406779661,0.31098219853946657,0.8481848184818482,0.339616927414874,0.8595317725752509,38866713.0,88.81086320471321,15.4082676911281,0.660383072585126,0.6873465323819827,0.9790228895034944,6.6151811872848025,295.0,0.14483636340586978,0.8062799469929095,0.1615966369171404,295.0,0.5995743499950624,0.6226230861889549,0.5795835085106574
marine_sample_2-MetaPhlAn,0.7950458442506332,0.33148615677104465,0.8472727272727273,0.2729348313829569,0.8411552346570397,0.29937450908318697,0.8442028985507246,41075956.0,93.13981023873127,16.701531558279488,0.700625490916813,0.7260988130480672,0.9706496324644898,6.3472929469020425,275.0,0.1713212627848852,0.7832984705680721,0.12389499490812478,275.0,0.5717887038169558,0.589379442021886,0.5570450330199983
marine_sample_3-MetaPhlAn,0.793435361094735,0.3490620231862534,0.8598382749326146,0.2898636369167249,0.8307291666666666,0.31672037568179656,0.8450331125827814,39777713.0,103.05799464363126,17.684377495826887,0.6832796243182034,0.7089295009243602,0.9784983890833672,6.668462898202969,371.0,0.14663633033825213,0.7812826890704347,0.12535887660734893,371.0,0.580876744132289,0.604450149059434,0.5602964017916958
marine_sample_4-MetaPhlAn,0.7467939563985638,0.3596758407419797,0.8529411764705882,0.2850990880687736,0.8285714285714286,0.31807457025366176,0.8405797101449276,38350123.0,92.33174973908571,14.309997496760069,0.6819254297463383,0.7138511588948083,0.9706414363149266,6.105208878407152,272.0,0.1713452759840022,0.7548979201817602,0.12522651406494031,272.0,0.5793271401992947,0.6063085086062839,0.5568352583201011
marine_sample_5-MetaPhlAn,0.7815032062151117,0.4225937308089311,0.8629283489096573,0.35199739325016954,0.8293413173652695,0.3840784822555183,0.8458015267175574,35270633.0,97.05926405837151,13.377057581097406,0.6159215177444818,0.6467760555108363,0.9678938719973847,6.282237295167833,321.0,0.17918403284890902,0.7544935443077938,0.09703022417570972,321.0,0.6149400044865379,0.6427610398592942,0.5906693553077196
marine_sample_6-MetaPhlAn,0.7600138465882127,0.4027164680540535,0.8442367601246106,0.322527853244442,0.8237082066869301,0.3581890242866139,0.8338461538461539,36517741.0,100.58068431924768,14.645453424096365,0.6418109757133862,0.6756614616946205,0.979532886589379,6.61042439868169,321.0,0.14306512885781345,0.793908650629349,0.15220831267252302,321.0,0.5960175890663839,0.623476614089332,0.5731180299656861
marine_sample_7-MetaPhlAn,0.7506360370045004,0.3607128807040963,0.8424908424908425,0.2843426741429483,0.8070175438596491,0.31800691995135044,0.8243727598566308,38662972.0,96.1672902471628,15.147241351711903,0.6819930800486496,0.7140376950610829,0.9721283490734898,6.268759199472786,273.0,0.16694986575224874,0.7746135328559057,0.1314239932418061,273.0,0.5711898399039906,0.6016018615974694,0.5456801090012987
marine_sample_8-MetaPhlAn,0.7792083207048316,0.3523939343646443,0.8498498498498499,0.2875364189140305,0.8132183908045977,0.3166784929487805,0.8311306901615272,39465604.0,101.97319823334593,17.164403720800646,0.6833215070512194,0.7114268976335185,0.966497438421672,6.333093402242236,333.0,0.18303939142909256,0.7557951347715263,0.08963502674212158,333.0,0.5739045915551538,0.6011218921072471,0.5503774048593141
marine_sample_9-MetaPhlAn,0.7410596578170155,0.3873418472482117,0.8421052631578947,0.30968200260640216,0.8175182481751825,0.3441856371890553,0.8296296296296297,36425705.0,94.4539355442648,13.203395546100536,0.6558143628109447,0.6887694499487034,0.9746654259371148,6.3346887741730855,266.0,0.1591700920113707,0.7864018207797265,0.14839004148674756,266.0,0.5869076334093425,0.6147235552030532,0.5636001253907923
mouse_sample_0-MetaPhlAn,0.3373247228245009,0.9539592261051736,0.8571428571428571,0.32179732999537536,0.65625,0.4812540925886563,0.743362831858407,23011127.0,49.72612276379264,6.678030104989014,0.5187459074113437,0.6132237938034656,0.6358102720967704,2.271114285000825,49.0,0.6034839290081697,0.4044936155304955,0.0560371743124201,49.0,0.6123084622235316,0.9055510416240153,0.4890236649976877
mouse_sample_1-MetaPhlAn,0.2864406832642953,0.7007265660898538,0.9074074074074074,0.2007154139208452,0.5975609756097561,0.3120480871245606,0.7205882352941176,29444443.0,56.83631486197501,8.255120487262449,0.6879519128754394,0.7452797806399126,0.8029033186715301,3.1905368012089528,54.0,0.4439581890577437,0.554404721206021,0.09395652120421356,54.0,0.5163181612093392,0.8040669867486306,0.39913819476530066
mouse_sample_10-MetaPhlAn,0.6682017285491438,0.9272778532402218,0.8673469387755102,0.6196147321944452,0.7083333333333334,0.7428505690895579,0.7798165137614678,14236539.0,65.67942886672755,8.014132470952054,0.257149430910442,0.3150349853955865,0.7999242826536942,3.647394083202824,98.0,0.4473001986033521,0.5514065120252759,0.05100109982357871,98.0,0.7613335414255129,0.8973123960078659,0.6639740327638892
mouse_sample_11-MetaPhlAn,0.6747866627261963,0.7750180241038562,0.8962264150943396,0.5229693580479253,0.6012658227848101,0.6245217543937107,0.7196969696969697,20920788.0,79.79184931072456,9.05463992882373,0.3754782456062893,0.4057435218796565,0.9437620451448518,4.853560936762679,106.0,0.2371465389509058,0.7214058147002557,0.1677508061672931,106.0,0.6721093620453402,0.8356222195990979,0.5621175904163678
mouse_sample_12-MetaPhlAn,0.6219205058922819,0.7850699579825222,0.816793893129771,0.4882500619694688,0.6645962732919255,0.6020646021882023,0.732876712328767,21442115.0,84.93175074687383,10.310856516702046,0.3979353978117976,0.4147547080051723,0.9189852076808248,4.670962700033446,131.0,0.2846327665727033,0.6641094526822018,0.0942246171067796,131.0,0.6674706572584848,0.8009319255561467,0.5764231676306971
mouse_sample_13-MetaPhlAn,0.8204041299424929,0.9492919061959548,0.8705882352941177,0.7788072716884554,0.6666666666666666,0.8556400569618885,0.7551020408163265,8720714.0,61.94384858280612,11.073395157360189,0.1443599430381115,0.17500304927523858,0.7299553655117051,3.0002685524024275,85.0,0.5196597934146544,0.468105094898516,0.04356578276271171,85.0,0.8053710488891075,0.9099400707450362,0.722736969177561
mouse_sample_14-MetaPhlAn,0.6750730411638701,0.8674573547563758,0.8899082568807339,0.5855897194621127,0.5987654320987654,0.6991846555148159,0.7158671586715868,16769439.0,82.58595087621384,9.382866305541429,0.30081534448518416,0.34749518056675704,0.8195624169702033,4.14220456487179,109.0,0.4247814942277931,0.612011193269077,0.05084479503968138,109.0,0.7075259070932014,0.8786828058185548,0.5921775757804391
mouse_sample_15-MetaPhlAn,0.7564563335726818,0.824436927885751,0.8682170542635659,0.6236595603450291,0.6627218934911243,0.7101294370316739,0.7516778523489933,16923956.0,82.26081135292078,12.186097819385733,0.2898705629683261,0.280904626637015,0.9214596003177664,4.813707517066691,129.0,0.28025202820177425,0.6865713150780042,0.09870000682272667,129.0,0.7309036446903336,0.8463269910746585,0.6431907269180768
mouse_sample_16-MetaPhlAn,0.27473734418423884,0.9507711832483436,0.8727272727272727,0.26121236556173777,0.64,0.4098293085381629,0.7384615384615385,24955373.0,51.33283662969001,5.694349324787236,0.5901706914618371,0.6774084045494001,0.3937040453912405,1.712058597570532,55.0,0.7786546985941567,0.2961342456456077,0.02998835476900195,55.0,0.5741454234998506,0.9117492279878081,0.4506061827808689
mouse_sample_17-MetaPhlAn,0.498168347277772,0.7059982421592783,0.8725490196078431,0.3517098480057597,0.644927536231884,0.4695180773429257,0.7416666666666667,26431596.0,78.15978719828594,9.415710143852,0.5304819226570743,0.5383656329486479,0.9376822602143008,4.741333327524566,102.0,0.2496367352356308,0.7105861938537101,0.15732152036228478,102.0,0.6055923720047962,0.7892736308835607,0.49831869211882185
mouse_sample_18-MetaPhlAn,0.39130106525032576,0.907029726022419,0.8524590163934426,0.35492413599621936,0.7123287671232876,0.5102036635736211,0.7761194029850746,22618978.0,54.26043140843139,7.81935057058034,0.4897963364263789,0.5768999994415378,0.7915263275879857,3.176957824697643,61.0,0.4565912817209719,0.5356767032281264,0.07863555351273252,61.0,0.6431615332793479,0.8797443712079308,0.5336264515597535
mouse_sample_19-MetaPhlAn,0.6130247966700951,0.6428069347754177,0.8484848484848485,0.3940616846803744,0.6363636363636364,0.4885972608077924,0.7272727272727273,27438351.0,79.05596177059935,8.125311542700503,0.5114027391922076,0.5043126517770351,0.944658399384974,4.840644227499596,99.0,0.23524908622719756,0.7301831089970037,0.18252110507746155,99.0,0.6079349940402599,0.7456458916301332,0.5152126605220053
mouse_sample_2-MetaPhlAn,0.8142453604795862,0.9623181503208844,0.8421052631578947,0.7835694445269428,0.64,0.8637934088429712,0.7272727272727272,8195668.0,55.00727125203084,7.955159944634336,0.1362065911570288,0.14182651162706242,0.7745891487516539,2.7902098127986155,57.0,0.4747755112773735,0.478358036243234,0.07783059046165387,57.0,0.7955330680578492,0.9022117067393896,0.7117847222634714
mouse_sample_20-MetaPhlAn,0.4656814782507812,0.6972536634941474,0.8807339449541285,0.3247009303053279,0.6530612244897959,0.4430703958257679,0.75,27130330.0,74.38068581916271,10.012989846290415,0.5569296041742321,0.5818320279264149,0.927083901055308,4.6495141033149086,109.0,0.2700316954355225,0.6869662349906748,0.1258201146164494,109.0,0.5965351979128839,0.788993804224138,0.48888107739756187
mouse_sample_21-MetaPhlAn,0.5283666949587646,0.9305358517232498,0.8470588235294118,0.4916657503752582,0.6857142857142857,0.6433864328566581,0.7578947368421053,18112550.0,64.84625022793452,8.097127438413247,0.3566135671433419,0.3770579982019516,0.8337507886548571,3.721942189230105,85.0,0.4077386442564981,0.5807013843148328,0.07076548386102557,85.0,0.7006405848493817,0.8887973376263307,0.588690018044772
mouse_sample_22-MetaPhlAn,0.8604613955318747,0.8565952829576498,0.8926174496644296,0.7370691671811325,0.6519607843137255,0.7923499476516519,0.7535410764872522,12848331.0,80.4824216172151,12.999840701453365,0.207650052348348,0.20883947114480575,0.9059079298170704,4.475543206885885,149.0,0.3067458939051512,0.6199527264393833,0.07132810855287952,149.0,0.7729455120694521,0.8746063663110397,0.6945149757474289
mouse_sample_23-MetaPhlAn,0.7073856932024576,0.9546327396852377,0.8860759493670886,0.6752985860448105,0.6862745098039216,0.791029817176843,0.7734806629834253,11847040.0,58.523838878248824,10.390516194687136,0.20897018282315696,0.23862567408077226,0.7745145344803369,3.2023693509061144,79.0,0.4748546757806282,0.5080077304135554,0.05613766642975675,79.0,0.7822552400801341,0.920354344526163,0.680786547924366
mouse_sample_24-MetaPhlAn,0.6556688604393769,0.7990083448956449,0.9166666666666666,0.5238837258368262,0.6019900497512438,0.632836915360569,0.7267267267267268,20226497.0,81.15920950855006,10.267463444953854,0.36716308463943104,0.3578964576227423,0.9431799853926556,4.990345286877316,132.0,0.23837092314300756,0.7084136978031259,0.1333290325268295,132.0,0.6797818210436479,0.8578375057811558,0.5629368877940351
mouse_sample_25-MetaPhlAn,0.782955572622011,0.8352497168237729,0.9124087591240876,0.6539584845033829,0.628140703517588,0.7335692061179545,0.7440476190476191,15797626.0,80.15420732893337,7.974554485400728,0.26643079388204555,0.25551353398179805,0.9299300435745116,4.7020228735354435,137.0,0.2647086859363407,0.6624403522806102,0.10417118042244893,137.0,0.7388084125827867,0.8738292379739303,0.6410495940104854
mouse_sample_26-MetaPhlAn,0.39786681812346897,0.9307959799705251,0.8630136986301371,0.3703377181603103,0.6237623762376238,0.5298592447344515,0.7241379310344828,21829781.0,65.49523170653417,7.378841439885581,0.4701407552655486,0.5079445726592532,0.8914226762338967,4.069262142004947,73.0,0.3295125290918691,0.6574115474996979,0.12616474289323815,73.0,0.626998587884467,0.8969048393003312,0.49705004719896706
mouse_sample_27-MetaPhlAn,0.6510206816114814,0.8001512017504595,0.888,0.5209222174604861,0.5495049504950495,0.6310270606587172,0.6788990825688074,20258971.0,85.3109606087572,10.393546841515755,0.3689729393412829,0.3860238886267657,0.8880957446825968,4.3219158453448685,125.0,0.3345228499753114,0.6204492801853291,0.07148968533242048,125.0,0.6549630716137622,0.8440756008752297,0.5352135839777679
mouse_sample_28-MetaPhlAn,0.7392419646994397,0.8037557658897843,0.88,0.5941676673768675,0.5670103092783505,0.6832501368740498,0.6896551724137929,18309137.0,82.44193913560736,9.442066533947509,0.3167498631259502,0.32573225717281384,0.832572656299293,3.764401708567326,125.0,0.4091809303585565,0.5404131903504586,0.047781920343314965,125.0,0.6864526546439214,0.8418778829448921,0.580588988327609
mouse_sample_29-MetaPhlAn,0.6240769482686332,0.9464153036518236,0.8875,0.5906401361962949,0.6574074074074074,0.7273528974366813,0.7553191489361702,14705297.0,62.23977028437047,7.289304976183349,0.27264710256331864,0.2935850127540867,0.7521951667783388,3.304905031351689,80.0,0.4978018906720488,0.5227685259540386,0.050442922510792035,80.0,0.7413360231864258,0.9169576518259117,0.6240237718018511
mouse_sample_30-MetaPhlAn,0.5975875483201494,0.845163272196077,0.9090909090909092,0.5050661342830318,0.5797101449275363,0.6322826990402612,0.7079646017699115,19552710.0,81.42204679130894,10.520955674933859,0.3677173009597389,0.4070004582387369,0.9215746918960988,4.617677008978086,132.0,0.2800470338537213,0.6555108829428511,0.09659837823934192,132.0,0.6701236504050864,0.8771270906434931,0.5423881396052841
mouse_sample_31-MetaPhlAn,0.7986115445011729,0.9094834417023386,0.8888888888888888,0.7263268364149492,0.6233766233766234,0.8076514004346851,0.7328244274809159,11508305.0,73.41510516580422,6.830222819765337,0.19234859956531505,0.22863833073601456,0.8606293842263626,3.9544450792637487,108.0,0.3733252449002373,0.5854198279389865,0.06643623699200651,108.0,0.7702379139578005,0.8991861652956137,0.6748517298957863
mouse_sample_32-MetaPhlAn,0.858859209591719,0.9433200036642516,0.9444444444444444,0.8101797812599166,0.6938775510204082,0.8716953384284084,0.7999999999999999,7908890.0,40.805016415601614,2.965249464641596,0.12830466157159154,0.12505977426127635,0.8123544429619465,3.064956380059948,36.0,0.4331812764155792,0.5928434898388047,0.14803322933004268,36.0,0.8358476692142042,0.9438822240543481,0.7520286661401624
mouse_sample_33-MetaPhlAn,0.6207073331496588,0.8463421802675954,0.8785714285714286,0.525344649220749,0.6029411764705882,0.6482840343072375,0.7151162790697674,18959827.0,88.78175477873044,10.84231127750262,0.3517159656927626,0.3952155823761181,0.95785378012882,5.412833642565611,140.0,0.20529682750749506,0.7592395518175282,0.1694780021717082,140.0,0.6817001566885024,0.862456804419512,0.5641429128456685
mouse_sample_34-MetaPhlAn,0.6486930747710141,0.8369156309242769,0.9044585987261148,0.5429124291944053,0.6339285714285714,0.6585920541096779,0.7454068241469817,18713633.0,87.869993453934,11.324736751084034,0.34140794589032203,0.3532592448884642,0.9582189959210702,5.518774817966562,157.0,0.20440550020220244,0.7565540427588516,0.15244791004925742,157.0,0.7019994391283297,0.8706871148251958,0.5884205003114884
mouse_sample_35-MetaPhlAn,0.8167163607818675,0.9564697152719388,0.9183673469387756,0.7811588400229089,0.7142857142857143,0.8599706433485601,0.8035714285714286,8443455.0,48.62604501089159,4.145704171440617,0.14002935665143984,0.13361527378709148,0.8451538893312888,3.5423563557696607,49.0,0.3935056023213206,0.6309063966114675,0.1317964214740194,49.0,0.8317710359599944,0.9374185311053572,0.7477222771543116
mouse_sample_36-MetaPhlAn,0.6755865733264295,0.8588343361337719,0.9333333333333332,0.580211331097147,0.5803108808290155,0.6925498261899828,0.7156549520766772,17140686.0,78.92947205962611,11.041056433322424,0.3074501738100173,0.3311720833913944,0.9162594868784059,4.983510768391882,120.0,0.2893810632521746,0.7215273934642104,0.09951376009880736,120.0,0.70410238913333,0.8960838347335526,0.5802611059630812
mouse_sample_37-MetaPhlAn,0.6888615578135805,0.8047562947745389,0.9347826086956522,0.5543641251933688,0.6084905660377359,0.6564952049754036,0.7371428571428571,19300214.0,84.91222740913446,11.512762343654234,0.3435047950245965,0.3398895216650706,0.9588005542148804,5.461276669221959,138.0,0.2029776794822712,0.7682714890309598,0.1758852982971785,138.0,0.6968190310591303,0.8697694517350956,0.5814273456155523
mouse_sample_38-MetaPhlAn,0.8118103351589498,0.9476000356190644,0.8571428571428571,0.7692629489304827,0.6185567010309279,0.8491692166084033,0.7185628742514971,9068982.0,64.914138310063,8.766053546326622,0.1508307833915968,0.1718127860670081,0.7813954254945746,3.364025498361209,70.0,0.4675528785969321,0.5488448631040616,0.06534956698886346,70.0,0.7838660454299502,0.9023714463809607,0.6939098249807053
mouse_sample_5-MetaPhlAn,0.3406526060832619,0.945219209692657,0.92,0.3219902567142613,0.5609756097560976,0.4803489621067247,0.6969696969696971,23019854.0,74.7064074806854,12.493405939513346,0.5196510378932753,0.4676526821417577,0.8853886699101576,4.458339347145314,125.0,0.33854668115631104,0.6400340815839073,0.0698011269368299,125.0,0.5886593295382109,0.9326096048463286,0.44148293323517945
mouse_sample_52-MetaPhlAn,0.7536777726774814,0.8698605795992103,0.8813559322033898,0.6555930631028233,0.5252525252525253,0.7476786522882689,0.6582278481012658,14685218.0,57.9570887206562,10.805568302016432,0.2523213477117311,0.2719859894994243,0.7464409587126362,2.6730659518779847,59.0,0.5035476315154969,0.4543988016012569,0.06684499379836369,59.0,0.7029532501947673,0.8756082559013001,0.5904227941776743
mouse_sample_53-MetaPhlAn,0.4094180666897497,0.96052840550615,0.9056603773584906,0.3932536647168587,0.6233766233766234,0.5580385851434873,0.7384615384615384,20606287.0,68.53875404586083,9.874718282697227,0.4419614148565129,0.4424120758027392,0.6213624687319952,2.9216459542819906,106.0,0.6153400703843981,0.4342569110341353,0.024915549793909517,106.0,0.6482500618025129,0.9330943914323203,0.508315144046741
mouse_sample_54-MetaPhlAn,0.4960241313195325,0.959241666303556,0.9,0.4758014768825879,0.6545454545454545,0.6360904251299493,0.7578947368421052,18010192.0,69.65872630925664,10.839225023910911,0.3639095748700507,0.3599082832174131,0.6615769880464762,3.114874823989544,120.0,0.5817455805878065,0.4509807678103396,0.02462401503145349,120.0,0.6969925809860272,0.929620833151778,0.5651734657140213
mouse_sample_55-MetaPhlAn,0.17350330864592042,0.935944750766505,0.9385964912280702,0.16238931873742007,0.5846994535519126,0.2767599306493042,0.7205387205387206,27961943.0,65.15377238134793,13.169222044551988,0.7232400693506958,0.5842424669232286,0.8022295043059795,3.6487876811438085,114.0,0.44472273960375097,0.5340035729507991,0.04435408726553855,114.0,0.4986493255940124,0.9372706209972876,0.37354438614466634
mouse_sample_56-MetaPhlAn,0.181328543710208,0.9463490899716941,0.8932038834951457,0.17160285770838604,0.5609756097560976,0.2905244873285833,0.6891385767790262,27612169.0,66.96854242491263,11.59745004271234,0.7094755126714166,0.5889936392615028,0.8294892972140038,3.6014574370790533,103.0,0.4129364667107061,0.5386161898047764,0.05693916983183669,103.0,0.4898315320538048,0.9197764867334199,0.3662892337322418
mouse_sample_57-MetaPhlAn,0.8719565415786563,0.8983198787946984,0.8823529411764706,0.7832960595657241,0.625,0.8368741104767432,0.7317073170731708,10158539.0,73.5849890273511,10.494907980077997,0.16312588952325688,0.18313066151516988,0.8788309633989091,4.109014233058788,119.0,0.3480948468791097,0.5959569018525293,0.0693523822608503,119.0,0.7842907137749571,0.8903364099855845,0.7041480297828621
mouse_sample_58-MetaPhlAn,0.8473935881988933,0.901494786540756,0.8972602739726028,0.7639271250496933,0.5900900900900901,0.8270292539524625,0.7119565217391305,10630209.0,82.81413726065554,8.324965405843328,0.1729707460475375,0.1917328942643058,0.898570111743355,4.458237238541021,146.0,0.3184822313785589,0.6200759423308511,0.06752758172386558,146.0,0.7694928878457965,0.8993775302566793,0.6770086075698917
mouse_sample_59-MetaPhlAn,0.8778312760683158,0.906081713494422,0.875,0.7953834472787707,0.6186046511627907,0.8471315351152425,0.7247956403269755,9548286.0,83.479887315317,9.664821485735224,0.15286846488475747,0.1697630328584508,0.8858970491327747,4.3521356305467735,152.0,0.3377930298890042,0.6004662191328975,0.05765799498101126,152.0,0.7859635877211091,0.8905408567472111,0.7069940492207807
mouse_sample_6-MetaPhlAn,0.48952488901597097,0.9432254912477184,0.9051094890510948,0.4617279875272703,0.5849056603773585,0.6199687241430432,0.7106017191977079,18736031.0,79.59005676145792,11.969615400683304,0.3800312758569568,0.3559707156346885,0.8323941281027043,4.095492637106407,137.0,0.4094003976776031,0.576989873987469,0.043550204956217135,137.0,0.6652852216703755,0.9241674901494066,0.5233168239523144
mouse_sample_60-MetaPhlAn,0.8604332713332268,0.9099196983058628,0.8903225806451613,0.7829369495128392,0.6160714285714286,0.8416657769707754,0.7282321899736148,9799908.0,83.15964892604198,9.0116702734928,0.1583342230292245,0.17815621893106487,0.8811006225518172,4.291915248911537,155.0,0.3448197453315656,0.5898628184257625,0.05426111592583795,155.0,0.7849489834721951,0.9001211394755121,0.6995041890421339
mouse_sample_61-MetaPhlAn,0.826104475155253,0.8611552333723881,0.8819875776397516,0.7114071216362653,0.6173913043478261,0.7791512545168179,0.7263427109974424,13417090.0,91.6659547433472,10.8250318021297,0.22084874548318206,0.2350328363881551,0.9351158838320872,5.029443390626831,161.0,0.25472509032289303,0.6860592575591057,0.09572728259332017,161.0,0.7527469827571301,0.8715714055060698,0.6643992129920457
mouse_sample_62-MetaPhlAn,0.7031785919209169,0.9132591327750856,0.8235294117647058,0.6421824528463966,0.6746987951807228,0.7540996658328994,0.7417218543046358,13904818.0,63.5735506273279,8.176989471790415,0.2459003341671005,0.2352228484783658,0.8674314819876373,3.98710136371068,68.0,0.3641006439535029,0.6549693144232392,0.11093042732490813,68.0,0.7479107600687676,0.8683942722698957,0.6584406240135597
mouse_sample_63-MetaPhlAn,0.6951329045496351,0.9232074247186532,0.8039215686274509,0.6417550679971689,0.6949152542372882,0.7571721959899985,0.7454545454545455,13663473.0,56.88799511370986,8.092410500869947,0.2428278040100016,0.2481683574739674,0.8272500995020522,3.6176580301331764,51.0,0.4156328297538308,0.6377621232606353,0.11350422246690575,51.0,0.751313370722272,0.863564496673052,0.6683351611172286
mouse_sample_7-MetaPhlAn,0.8531819721678304,0.9499217165510844,0.8771929824561403,0.8104617067450839,0.7352941176470589,0.8746676042071401,0.8,7699377.0,48.599223142662154,4.171167942272672,0.12533239579285985,0.1164305671840392,0.8683829236999802,3.5746207092546745,57.0,0.3627913966890857,0.6128386958392791,0.1332947072090536,57.0,0.8373338021035701,0.9135573495036123,0.7728779121960714
mouse_sample_8-MetaPhlAn,0.7072625119786387,0.8942583118692495,0.8965517241379308,0.6324804785866258,0.5714285714285714,0.7409269072180263,0.6979865771812079,14649744.0,52.92387104459589,7.9718699213161255,0.2590730927819737,0.2662950152350069,0.7058821143187152,2.346056959632368,58.0,0.5423276841584039,0.4004890015149797,0.05862064209528595,58.0,0.7194567421996172,0.8954050180035902,0.6019545250075986
mouse_sample_9-MetaPhlAn,0.6855773164085742,0.8451628188164308,0.8870967741935484,0.5794241949050976,0.5851063829787234,0.6875084233389749,0.7051282051282052,17450114.0,57.606380826733144,8.08920776964376,0.3124915766610251,0.29377932257749984,0.7962175796971624,2.9866228897288054,62.0,0.451423874995615,0.5015996675351049,0.07914830059479827,62.0,0.69631831423359,0.8661297965049897,0.5822652889419104
plant_sample_0-MetaPhlAn,0.14637881731784838,0.4786398989090734,0.7222222222222222,0.08286440097214802,0.2921348314606741,0.1412712547806307,0.41600000000000004,28324655.0,61.98816997925312,5.176780523410937,0.8587287452193693,0.8724385892043677,0.8816754514167169,3.690517392152591,36.0,0.3439858284430568,0.7138435066510646,0.2347592119333234,36.0,0.2786356273903154,0.6004310605656478,0.18749961621641106
plant_sample_1-MetaPhlAn,0.20884240228391432,0.4475709474321898,0.6666666666666666,0.102591506022507,0.26666666666666666,0.1669215238541163,0.3809523809523809,30973018.0,64.98550626690331,5.411340749749894,0.8330784761458837,0.8714553395136062,0.8316315829709009,3.3230628326629637,36.0,0.4103292787619224,0.6427680927162177,0.16498211640831034,36.0,0.27393695240324856,0.5571188070494282,0.18462908634458683
plant_sample_10-MetaPhlAn,0.34141617803905344,0.4572529142363914,0.7368421052631579,0.17026415537358694,0.2333333333333333,0.24813279193491564,0.35443037974683544,31429641.0,62.084672168963735,8.026479846568021,0.7518672080650843,0.8236034038789845,0.5219783249860883,1.7293005314087773,38.0,0.6913933712431993,0.3295206587703123,0.05505145655355136,38.0,0.30128158584087555,0.5970475097497746,0.20179874435346012
plant_sample_11-MetaPhlAn,0.40709309403840793,0.4127951421821029,0.65625,0.17806304324645647,0.19444444444444445,0.2488027112664457,0.3,33679811.0,63.50286743631274,5.410434617876329,0.7511972887335543,0.8167992673217715,0.4209040377316602,1.4380234435293486,32.0,0.7609852952256485,0.2876046887058697,0.053963422361973684,32.0,0.2744013556332229,0.5345225710910515,0.18625374384545046
plant_sample_12-MetaPhlAn,0.12671148042346572,0.3720059725778505,0.65625,0.057784762625505276,0.21649484536082475,0.10003136438253066,0.3255813953488372,28220519.0,64.32481312099222,5.4771928377882215,0.8999686356174693,0.9268015916258656,0.8316449150928921,3.0415566613763447,32.0,0.4103139782926796,0.6083113322752689,0.18561957910117527,32.0,0.2128063798656839,0.5141279862889252,0.137139803993165
plant_sample_13-MetaPhlAn,0.26820842071767603,0.4948800033731109,0.7058823529411765,0.14575102267015164,0.21621621621621626,0.22518193361983074,0.3310344827586207,30369896.0,63.23816003400479,5.924016561155717,0.7748180663801693,0.8417054754478193,0.6860957488196109,2.3913172358982595,34.0,0.5602736603056929,0.4700412190746436,0.09369661161097342,34.0,0.2781082081892257,0.6003811781571438,0.18098361944318395
plant_sample_14-MetaPhlAn,0.08428307380221746,0.5199638061684182,0.6774193548387096,0.0463399353231685,0.17355371900826447,0.08509599136593728,0.2763157894736842,31373117.0,60.697219774727,6.555283954933912,0.9149040086340628,0.9132876158361236,0.7839002574594776,2.9487495803322914,31.0,0.4648702651449147,0.5952024093494233,0.14927396088905606,31.0,0.18070589041981072,0.598691580503564,0.10994682716571648
plant_sample_15-MetaPhlAn,0.221609511767098,0.5030140573742871,0.6666666666666666,0.13043745051276834,0.15873015873015872,0.2071567291230886,0.2564102564102564,28393438.0,63.625050820973996,5.249593503855446,0.7928432708769114,0.8661220964294902,0.7710928436255158,2.659683012914853,30.0,0.4784443089639446,0.5420302248628021,0.14561944616008926,30.0,0.23178349276667248,0.5848403620204768,0.14458380462146353
plant_sample_16-MetaPhlAn,0.4277737019902211,0.19501059805843826,0.6875,0.10028657208198302,0.2481203007518797,0.13245602312841914,0.3646408839779005,36361467.0,71.52858787470291,7.3934258597645535,0.8675439768715808,0.8969851546596456,0.7382535588273385,2.4568556580319463,48.0,0.5116133009456154,0.4399054886607932,0.07959356864604164,48.0,0.24854845355315983,0.4412552990292191,0.17420343641693137
plant_sample_17-MetaPhlAn,0.2565999829578928,0.5203833232542872,0.696969696969697,0.14685226791978934,0.2,0.229062934346953,0.3108108108108109,29893767.0,63.88840815288456,4.619596235052538,0.770937065653047,0.8477452430973114,0.7014092370103513,2.354075112997101,33.0,0.5464366406122291,0.4666715282937671,0.10148683100448364,33.0,0.26993687257888194,0.6086765101119921,0.17342613395989467
plant_sample_18-MetaPhlAn,0.2548603157033543,0.4543070447628449,0.6842105263157895,0.1310638848719321,0.2184873949579832,0.20343766045387754,0.3312101910828025,30144961.0,67.22994696203878,5.040999993953986,0.7965623395461224,0.8626169471495314,0.6092128319619617,2.21204085788668,38.0,0.6251324507437066,0.4215075098160384,0.06734046464678875,38.0,0.26732392576834,0.5692587855393172,0.17477563991495765
plant_sample_19-MetaPhlAn,0.2807657062507734,0.4178502547405569,0.6842105263157895,0.13092265610078582,0.2363636363636364,0.19937596817288933,0.35135135135135137,31325127.0,64.37837428274561,6.492058531601358,0.8006240318271107,0.8649664844756911,0.6441678604317991,2.2832099513180766,38.0,0.5965190361616878,0.4350688810905241,0.07395562836346987,38.0,0.27536365976212035,0.5510303905281733,0.18364314623221112
plant_sample_2-MetaPhlAn,0.14743204163630466,0.4743188658445292,0.6176470588235294,0.08310463472218146,0.25925925925925924,0.14142961697084588,0.36521739130434777,28224866.0,64.73395421884848,3.675951712966573,0.8585703830291541,0.8853873464942238,0.8598376118447121,3.664148017716977,34.0,0.37438519687828975,0.7202309151051104,0.20984063622900465,34.0,0.25332350413759686,0.5459829623340293,0.17118194699072037
plant_sample_20-MetaPhlAn,0.2362222308452881,0.5034613470602107,0.7297297297297297,0.12862753640968702,0.2125984251968504,0.20490470389024448,0.32926829268292684,30683129.0,64.82867554557592,4.3952923032140365,0.7950952961097555,0.8671030287269749,0.6677539300689767,2.230413078792378,37.0,0.5764105447816351,0.4281472396908759,0.08134641602423777,37.0,0.26708649828658565,0.6165955383949702,0.1706129808032687
plant_sample_3-MetaPhlAn,0.1417745931624206,0.4339338453829617,0.75,0.07338556183936147,0.25384615384615383,0.1255401571128463,0.3793103448275862,28496266.0,65.84051526403269,6.03302024603942,0.8744598428871537,0.9085077960104602,0.8788809039429835,3.743446243880153,44.0,0.34802486375212144,0.6856842443269829,0.18764400880744608,44.0,0.25242525097021623,0.5919669226914809,0.16361585784275764
plant_sample_4-MetaPhlAn,0.16997146855737594,0.4871496197227229,0.6956521739130435,0.09784511180066928,0.25,0.16295944710919966,0.36781609195402293,28286961.0,68.41740595322797,5.335740055372059,0.8370405528908004,0.8738264260372799,0.8535200373655017,3.5630241235168314,46.0,0.3827300550157221,0.6450591397114139,0.1484102674781999,46.0,0.2653877695316113,0.5914008968178832,0.17392255590033465
plant_sample_5-MetaPhlAn,0.18162726825036213,0.4406075181161219,0.631578947368421,0.0918665941197902,0.24242424242424246,0.15203410307755408,0.35036496350364965,29699501.0,65.41198029346403,5.318917573304301,0.8479658969224458,0.8784709339948339,0.6662910130253511,2.7046704218367075,38.0,0.5776790403705475,0.5153787690299017,0.07885849797531333,38.0,0.25119953329060185,0.5360932327422715,0.16714541827201634
plant_sample_6-MetaPhlAn,0.3182746849441325,0.4326980704765417,0.7037037037037037,0.14765566528490848,0.1623931623931624,0.22017716963562925,0.2638888888888889,32413442.0,57.95805143395929,5.459036770580129,0.7798228303643707,0.8450541954565279,0.4955260848996626,1.696192872473474,27.0,0.7102650179351492,0.3567261836797838,0.07341714988310256,27.0,0.24203302926225906,0.5682008870901227,0.15502441383903542
plant_sample_7-MetaPhlAn,0.2318892394135645,0.5037386461166672,0.6923076923076923,0.12961530001138882,0.20454545454545456,0.20617929719361505,0.3157894736842105,29919088.0,66.60033355286438,5.1361528001498655,0.7938207028063851,0.8578240817442901,0.6908924066079108,2.3768744034550955,39.0,0.5559771929831061,0.44970549166015,0.08295178180401783,39.0,0.2609843854389128,0.5980231692121798,0.16708037727842168
plant_sample_8-MetaPhlAn,0.3820698401718248,0.4346191306979097,0.7297297297297297,0.18333121096533966,0.2195121951219512,0.2578823771667143,0.3375,31743711.0,62.18450871662094,8.846926307650728,0.7421176228332856,0.8123693578269887,0.4478907733937367,1.5149558090591826,37.0,0.7430426361317738,0.2908089779735034,0.04895231907852421,37.0,0.2976911885833572,0.5821744302138196,0.20142170304364543
plant_sample_9-MetaPhlAn,0.4021535186322194,0.4504110066249456,0.6571428571428571,0.1938394987514,0.2169811320754717,0.2710357012612397,0.3262411347517731,32353968.0,64.51437946180796,5.450291732654536,0.7289642987387603,0.8008943341626652,0.4760195425240042,1.5930437664940085,35.0,0.7238667872381965,0.3105782545496652,0.054527660647987926,35.0,0.29863841800650637,0.5537769318839014,0.20541031541343585
strain_sample_0-MetaPhlAn,0.9302216536291461,0.7702484708180317,0.6190476190476191,0.7620338894206609,0.65,0.7661191608919229,0.6341463414634146,5822710.0,38.362481490891966,3.993206882649872,0.23388083910807714,0.23500725303384684,0.6940418852492549,2.2907405732751496,21.0,0.5531357005346602,0.5215334760177541,0.155639106541892,21.0,0.7001327511776687,0.6946480449328254,0.7060169447103304
strain_sample_1-MetaPhlAn,1.0542056941133624,0.5711689512001417,0.6363636363636364,0.7377083294600834,0.7,0.6438435429435884,0.6666666666666666,8867675.0,38.36034909915062,5.1801326165567945,0.35615645705641163,0.3418676470734672,0.7961863636575143,2.7526527430946026,22.0,0.4514579120372237,0.6172653778545328,0.22302013874167007,22.0,0.6552551048051275,0.6037662937818891,0.7188541647300417
strain_sample_10-MetaPhlAn,0.9985408302300304,0.7159925589475856,0.6190476190476191,0.7414392414550985,0.65,0.7284937513328806,0.6341463414634146,7092539.0,34.15774674269795,5.530990357881846,0.2715062486671193,0.2709582873477225,0.8021404320406278,2.764989410912799,21.0,0.4448147518871399,0.6295058268269584,0.24067093701945985,21.0,0.6813200463981477,0.6675200889976023,0.6957196207275493
strain_sample_11-MetaPhlAn,1.0006182043174665,0.7471455847703442,0.5909090909090909,0.7951678753931548,0.65,0.7704091063151719,0.6190476190476191,5929886.0,36.72075283673561,3.822313373856496,0.2295908936848281,0.22370057925342854,0.6999598132627507,2.237436616857121,22.0,0.5477601054178929,0.5017313434084749,0.15149485790165446,22.0,0.6947283626813955,0.6690273378397176,0.7225839376965775
strain_sample_12-MetaPhlAn,0.9566567878076104,0.7867126203992798,0.5714285714285714,0.7710195907847867,0.6,0.7787870576091023,0.5853658536585366,5687281.0,36.50105796927988,3.859600428105932,0.22121294239089773,0.22121064601805066,0.7355576395925676,2.4463034158069124,21.0,0.5142404025795511,0.5569505070649654,0.18007344793655544,21.0,0.6820764556338195,0.6790705959139256,0.6855097953923933
strain_sample_13-MetaPhlAn,0.978370009827818,0.7488092379222538,0.5625,0.7699413963871305,0.45,0.7592282989045278,0.5,6184264.0,36.05456157532485,1.9604987660048665,0.2407717010954723,0.24032707039141785,0.6606925565288576,2.048703749224826,16.0,0.5825016954566021,0.5121759373062065,0.1841987295080237,16.0,0.6296141494522639,0.655654618961127,0.6099706981935653
strain_sample_14-MetaPhlAn,0.9730803579948574,0.7324682659158424,0.5714285714285714,0.7421334980013815,0.6,0.7372692067248119,0.5853658536585366,6760805.0,42.308194199692416,7.582758747896197,0.2627307932751879,0.26366313742126896,0.8084086563235182,2.76460192134669,21.0,0.43771216047965417,0.629417606981075,0.2485448805007413,21.0,0.6613175301916743,0.6519484186722069,0.6710667490006907
strain_sample_15-MetaPhlAn,0.9616243209947994,0.6656593317479331,0.6190476190476191,0.6866135128800768,0.65,0.6759740742683931,0.6341463414634146,8164548.0,37.349086007871186,3.9140984579659657,0.3240259257316069,0.3249148077997279,0.7653729678909581,2.4945009064268433,21.0,0.484383903194662,0.567923641740974,0.20295635669515216,21.0,0.6550602078659038,0.6423534753977761,0.6683067564400385
strain_sample_16-MetaPhlAn,1.0169999851249658,0.7003125244927322,0.5238095238095238,0.7314797304184191,0.55,0.7155569041073969,0.5365853658536585,7537048.0,42.1163466848777,6.047919894369676,0.2844430958926029,0.2838414840875081,0.7641280059533426,2.5008635765720872,21.0,0.4856672636782606,0.5693722324353184,0.2018851276155667,21.0,0.6260711349805277,0.612061024151128,0.6407398652092096
strain_sample_17-MetaPhlAn,1.002327703936071,0.679427203888229,0.65,0.7499630013625591,0.65,0.7129547455461782,0.65,7300000.0,33.032053987174,3.332529089056208,0.2870452544538217,0.28025305033994485,0.7457872764600484,2.3375682245006257,20.0,0.5041958424158658,0.5408623589239856,0.19668567058226769,20.0,0.6814773727730892,0.6647136019441144,0.6999815006812795
strain_sample_18-MetaPhlAn,0.8786712618506678,0.821161376654503,0.5555555555555556,0.7780916982920703,0.5,0.7990465801096576,0.5263157894736842,4831128.0,37.92447609195092,2.167517663090324,0.2009534198903425,0.2079028078122191,0.6067432315666011,1.8955500263170149,18.0,0.6271027918505975,0.4545765273143698,0.14127043706550804,18.0,0.6626811847916709,0.6883584661050293,0.6390458491460351
strain_sample_19-MetaPhlAn,1.064519365934306,0.6637422328914768,0.7222222222222222,0.7588616828723419,0.65,0.7081219758558497,0.6842105263157895,7755174.0,33.54464120586082,6.165752258032884,0.2918780241441504,0.2762144465831936,0.7131550350354688,2.236472436245986,18.0,0.5355797354969295,0.5363339713477879,0.1936779875582794,18.0,0.6961662510858195,0.6929822275568496,0.704430841436171
strain_sample_2-MetaPhlAn,0.9387740246362762,0.7817592558435501,0.5263157894736842,0.7747908835199535,0.5,0.7782594716577589,0.5128205128205129,5566984.0,38.27081564031661,5.462938195345626,0.22174052834224126,0.22045880545173016,0.7202944395628169,2.1339222792769834,19.0,0.5288727315733783,0.5023443249734546,0.18816779639669887,19.0,0.6455399922391358,0.6540375226586171,0.6373954417599768
strain_sample_20-MetaPhlAn,0.9626680178256763,0.7431200218904844,0.5714285714285714,0.7431669139185472,0.6,0.7431434671647991,0.5853658536585366,6578178.0,37.48110214133924,3.5832716318748905,0.2568565328352008,0.2568628199191734,0.7181816693028571,2.3503923134670095,21.0,0.5308664719105917,0.5351144025424407,0.16897072486821876,21.0,0.6642546604116678,0.657274296659528,0.6715834569592736
strain_sample_21-MetaPhlAn,1.0618829387161204,0.7537566353180389,0.5882352941176471,0.8097307309870385,0.5,0.7807417245011661,0.5405405405405405,5984019.0,35.70596574922579,6.398901381760774,0.2192582754988339,0.20744892113080365,0.5411374824314401,1.6448322800399444,17.0,0.6773946828931569,0.4024091090053301,0.12819423500411695,17.0,0.6606411325208532,0.670995964717843,0.6548653654935193
strain_sample_22-MetaPhlAn,0.9940286926220796,0.7108123538019706,0.55,0.7613357992416118,0.55,0.7352071058524957,0.55,6775649.0,40.729380662524036,6.2645219936527194,0.26479289414750423,0.2573886864132925,0.6509526784295937,2.1292343043825923,20.0,0.5908031176919544,0.492658428746507,0.14324705250578612,20.0,0.6426035529262479,0.6304061769009853,0.6556678996208058
strain_sample_23-MetaPhlAn,1.0026228581206371,0.7423352599319922,0.6111111111111112,0.7907397901936956,0.55,0.7657733750789067,0.5789473684210527,6061474.0,36.639711954459,4.540216694883209,0.2342266249210933,0.2409930498421281,0.7924761596738128,2.5365359566140806,18.0,0.4555484265546486,0.6082929442943775,0.2677068594539934,18.0,0.6723603717499798,0.6767231855215516,0.6703698950968477
strain_sample_24-MetaPhlAn,1.0362433181152586,0.7236515185214936,0.6666666666666666,0.7784606590067716,0.6,0.7500561495033784,0.631578947368421,6652616.0,36.90214584938046,7.497946072198977,0.2499438504966216,0.2395241341589267,0.7254104108501104,2.2351759564086096,18.0,0.5240136123992247,0.5360230593201311,0.2023221482196456,18.0,0.6908175484358997,0.69515909259408,0.6892303295033858
strain_sample_25-MetaPhlAn,0.9716415506062284,0.6231759108372666,0.5909090909090909,0.6998138497327238,0.65,0.6592751451618702,0.6190476190476191,8329707.0,37.15587122628871,7.386178948064282,0.3407248548381297,0.35094911690433617,0.7739928661578652,2.567645252833786,22.0,0.4754028479968058,0.5757785907295515,0.20111995883411046,22.0,0.6391613821047446,0.6070425008731788,0.674906924866362
strain_sample_26-MetaPhlAn,0.9458778965897487,0.7469399347973151,0.4782608695652174,0.7615592972827913,0.55,0.7541787755136093,0.5116279069767442,6128860.0,41.2143423021606,7.737793743901507,0.2458212244863908,0.2478960694530592,0.7521075408223756,2.4265608011250444,23.0,0.4978888688619869,0.5364270070128915,0.17539162350401058,23.0,0.6329033412451768,0.6126004021812663,0.6557796486413956
strain_sample_27-MetaPhlAn,1.0299117223525458,0.6608117868840392,0.6,0.7231817798962996,0.6,0.6905914242462685,0.6,8116782.0,39.14971790676761,3.7870762086417447,0.30940857575373143,0.3071628565155475,0.7627451714353528,2.5000860775329503,20.0,0.4870887868498801,0.5784654493651651,0.21074386684769192,20.0,0.6452957121231342,0.6304058934420196,0.6615908899481497
strain_sample_28-MetaPhlAn,1.1661309358949479,0.6545114290514852,0.55,0.7893635294914437,0.55,0.7156401579953132,0.55,8076707.0,39.134406481583405,7.2843619618820945,0.2843598420046867,0.23975286487608544,0.6435843850844187,2.110334636602935,20.0,0.5970062706024486,0.4882854573863369,0.14028566063763154,20.0,0.6328200789976566,0.6022557145257426,0.6696817647457218
strain_sample_29-MetaPhlAn,0.961719639363768,0.7722877772307255,0.5882352941176471,0.7764986797192241,0.5,0.7743875040900255,0.5405405405405405,5752669.0,36.02739844990576,5.421390657835463,0.22561249590997445,0.2253419434544837,0.6583154392014243,2.025985357569541,17.0,0.5845386352526208,0.4956584160529762,0.17215741113465588,17.0,0.657464022315283,0.6802615356741863,0.6382493398596121
strain_sample_3-MetaPhlAn,0.9490474367639316,0.7392906693110964,0.7,0.7143376634226891,0.7,0.7265999945291384,0.7,7026323.0,34.51031972422327,6.8786910922608415,0.27340000547086163,0.2743758268642403,0.7285982586918788,2.3417290138774915,20.0,0.520963106105665,0.5418250749353389,0.184228736923376,20.0,0.7132999972645692,0.7196453346555483,0.7071688317113445
strain_sample_30-MetaPhlAn,1.031934964613222,0.7117848586088282,0.6111111111111112,0.7645341582018392,0.55,0.7372171346446934,0.5789473684210527,6968640.0,38.079186702014226,6.6739435776114,0.2627828653553065,0.2521407913493918,0.7426714080989194,2.3424061566847127,18.0,0.5072762846714304,0.561738198138938,0.21589344248583,18.0,0.658082251532873,0.6614479848599697,0.6572670791009196
strain_sample_31-MetaPhlAn,1.0171864495754104,0.7438430863690759,0.6111111111111112,0.7743533449901112,0.55,0.7587916427415026,0.5789473684210527,6399833.0,37.858121626274375,8.760068645443868,0.2412083572584975,0.2445430055740596,0.7913749452746472,2.5604773603797746,18.0,0.4567554913507684,0.6140343913845321,0.26629378541658105,18.0,0.6688695055812777,0.6774770987400935,0.6621766724950556
strain_sample_32-MetaPhlAn,0.9762452212607534,0.7932099470701629,0.5714285714285714,0.7947094363306318,0.6,0.7939589837085227,0.5853658536585366,5350940.0,34.871612666011664,6.216249171407491,0.20604101629147734,0.2062203006713489,0.7526347819496391,2.3133176256856465,21.0,0.4973590044710005,0.5266735991548959,0.19250502554224452,21.0,0.6896624186835296,0.6823192592493672,0.6973547181653159
strain_sample_33-MetaPhlAn,0.9982771570363584,0.7710910833427983,0.5652173913043478,0.7793808897405796,0.65,0.7752138252607029,0.6046511627906976,5941202.0,36.22769639392335,2.167127874741285,0.22478617473929705,0.22489124859032766,0.7838760067842122,2.5272330063109005,23.0,0.4648921476791329,0.558682080816193,0.20117276301736006,23.0,0.6899324940257003,0.668154237323573,0.7146904448702898
strain_sample_34-MetaPhlAn,1.0035934323197109,0.7296707247510016,0.6,0.7897014389232152,0.6,0.7585001687572902,0.6,6208603.0,35.53696954550357,5.54428619001996,0.24149983124270985,0.25685424176628313,0.6375012807248024,2.016732941659808,20.0,0.6020795214686545,0.4666280644616712,0.13793152179950624,20.0,0.6792500843786451,0.6648353623755008,0.6948507194616076
strain_sample_35-MetaPhlAn,1.0025950674254596,0.7255251114821164,0.65,0.7600764412778188,0.65,0.7423989881654786,0.65,6717052.0,37.267355231512425,6.487845861361648,0.2576010118345215,0.2628000093886286,0.7044780568884395,2.2116821637566844,20.0,0.5436200740143218,0.5117350671273314,0.1691921739331716,20.0,0.6961994940827393,0.6877625557410583,0.7050382206389094
strain_sample_36-MetaPhlAn,0.9497040321531952,0.7493295834434139,0.5416666666666666,0.7376553033310398,0.65,0.7434466161507316,0.5909090909090908,6534241.0,41.295761033416596,4.763621296563586,0.2565533838492684,0.2566224412662063,0.6681457034238738,2.0660752410583942,24.0,0.5760690104365116,0.4506198776398774,0.12555711074576512,24.0,0.6671778535299112,0.6454981250550402,0.69382765166552
strain_sample_37-MetaPhlAn,0.9978696457660506,0.7079537951409473,0.5652173913043478,0.7409882209620278,0.65,0.7240944321508647,0.6046511627906976,7164324.0,39.714590463369326,5.763722903558471,0.2759055678491353,0.2771462828480257,0.7775020430140345,2.4728228394772813,23.0,0.4716976724755784,0.5466539120053814,0.19540970828917634,23.0,0.6643727974707812,0.6365855932226475,0.695494110481014
strain_sample_38-MetaPhlAn,0.955466967630775,0.7485553159362649,0.55,0.7648491980053821,0.55,0.7566145439402236,0.55,6122063.0,39.55490185363887,4.675739822676892,0.2433854560597763,0.2462726629142057,0.7629769133277946,2.4195894922286456,20.0,0.4868508962616582,0.5598402932919929,0.21094991505679034,20.0,0.6533072719701118,0.6492776579681325,0.657424599002691
strain_sample_39-MetaPhlAn,0.963152805746918,0.7632845145271574,0.6190476190476191,0.7525932069276305,0.65,0.7579011584587445,0.6341463414634146,6249570.0,34.06680953693088,6.8377337563680705,0.24209884154125536,0.24203433744421154,0.6927875166266071,2.172527045375721,21.0,0.55426838464208,0.494619772721547,0.1550036219106707,21.0,0.6960237499610795,0.6911660667873882,0.7012966034638153
strain_sample_4-MetaPhlAn,1.007891021310777,0.6799237264847309,0.6190476190476191,0.7348593602293271,0.65,0.7063249756678682,0.6341463414634146,7583828.0,36.92887869893264,4.545460555914076,0.2936750243321317,0.2971109345075883,0.7672139058147504,2.523958426886891,21.0,0.4824798320980006,0.5746302427501087,0.2045613926627108,21.0,0.6702356585656415,0.649485672766175,0.6924296801146635
strain_sample_40-MetaPhlAn,1.009364977376259,0.7169647265056578,0.6190476190476191,0.7561677587042915,0.65,0.7360446066526768,0.6341463414634146,6910008.0,37.975977939079826,6.1057919664666835,0.2639553933473233,0.2661018121973303,0.7710004208427166,2.577192998085048,21.0,0.4785397170796935,0.5867501708140688,0.207943821531399,21.0,0.6850954740580457,0.6680061727766384,0.7030838793521458
strain_sample_41-MetaPhlAn,0.9941332041653664,0.7264043770451469,0.5714285714285714,0.7684810489961011,0.6,0.7468505451221261,0.5853658536585366,6516813.0,37.66845867926596,3.2978086606317856,0.25314945487787394,0.2504467865102791,0.7346972748413879,2.3553864131664413,21.0,0.5150762342184456,0.5362514104630278,0.1794894778807057,21.0,0.6661081993903313,0.6489164742368592,0.6842405244980505
strain_sample_42-MetaPhlAn,0.9726286830099607,0.7664863979035927,0.5714285714285714,0.7827356553377213,0.6,0.7745258101836046,0.5853658536585366,5778554.0,37.560632878967375,5.837458081058093,0.22547418981639544,0.2282022511188897,0.7610121102083308,2.359812212717588,21.0,0.488864631629291,0.53725903334752,0.19925297328060496,21.0,0.6799458319210705,0.6689574846660821,0.6913678276688606
strain_sample_43-MetaPhlAn,0.9289380171807504,0.7095225426469878,0.5882352941176471,0.6722810638925751,0.5,0.6903999491230519,0.5405405405405405,7862171.0,38.57735042165506,3.621652389778377,0.3096000508769481,0.3105621704532006,0.7324821131982977,2.374890828059296,17.0,0.5172219829831679,0.5810183285563094,0.21988634148926145,17.0,0.6154702448317961,0.6488789183823174,0.5861405319462876
strain_sample_44-MetaPhlAn,0.9612192785267843,0.6704774231220503,0.55,0.7060256018109237,0.55,0.6877924967632132,0.55,7789063.0,42.02039463735928,5.6034974811450535,0.3122075032367868,0.309863073750276,0.7743483338385498,2.587745684545287,20.0,0.4750287741377866,0.5987479726019664,0.2215804600539745,20.0,0.6188962483816066,0.6102387115610252,0.6280128009054619
strain_sample_45-MetaPhlAn,0.9611888821658208,0.781205941667882,0.5714285714285714,0.7745054477386871,0.6,0.7778412650927538,0.5853658536585366,5709240.0,35.19708869889649,4.560826877170575,0.2221587349072463,0.22385031338537734,0.44340441007657294,1.5191505924385251,21.0,0.7460545087916272,0.3458653931886025,0.08555412310327279,21.0,0.6816035593756451,0.6763172565482267,0.6872527238693436
strain_sample_46-MetaPhlAn,1.1225604011226604,0.7276305856972861,0.5789473684210527,0.8415332952830402,0.55,0.7804479467727984,0.5641025641025641,6119633.0,37.16355530592047,5.8610826674467456,0.21955205322720156,0.17720403139764984,0.5758014033636172,1.8396918213653148,19.0,0.6513060864433248,0.4330798525971004,0.12407296809726008,19.0,0.6722752554376812,0.6532889770591694,0.6957666476415201
strain_sample_47-MetaPhlAn,0.9773313945926276,0.7180970305836019,0.5909090909090909,0.7322128563268583,0.65,0.7250862489857887,0.6190476190476191,7078435.0,37.21498321189881,6.416053183254602,0.2749137510142113,0.2742208358619847,0.6982209787037605,2.2365343799882287,22.0,0.5493450612642006,0.5015290223626443,0.15062195264370382,22.0,0.6720669340167038,0.6545030607463465,0.6911064281634292
strain_sample_48-MetaPhlAn,1.0057233933236147,0.7603952233261098,0.5454545454545454,0.7837843542253735,0.6,0.7719126554124414,0.5714285714285713,6013084.0,41.00055303676098,4.700350194140858,0.22808734458755875,0.23206992209222335,0.8032914198525279,2.7259699395789516,22.0,0.4435191062002686,0.6112819239533371,0.2310755607125437,22.0,0.6716706134205064,0.6529248843903276,0.6918921771126867
strain_sample_49-MetaPhlAn,0.9389676452107726,0.6448838343999089,0.5909090909090909,0.7305981814309692,0.65,0.6850703262189856,0.6190476190476191,7408970.0,36.203679788955604,6.493579366048692,0.3149296737810145,0.3219878028989361,0.6534620435131929,1.973308999718328,22.0,0.5886757352212192,0.4425023564597964,0.13116758093503658,22.0,0.6520589726333024,0.6178964626544999,0.6902990907154847
strain_sample_5-MetaPhlAn,0.9104248110855662,0.7625404194039562,0.6,0.7339317051522545,0.6,0.7479625996062302,0.6,6223587.0,38.70727091525043,3.8255288248918666,0.25203740039376976,0.2530362220110327,0.708820048742508,2.285980870019506,20.0,0.5396117724018692,0.528926169022505,0.17171511906664466,20.0,0.6739812998031152,0.681270209701978,0.6669658525761273
strain_sample_50-MetaPhlAn,0.9852037875755598,0.7588190955636018,0.5263157894736842,0.7647812419762288,0.5,0.7617885032468218,0.5128205128205129,6223626.0,38.84781941703452,4.756053941443448,0.2382114967531781,0.2376775137460825,0.7145292957753038,2.1894068726786253,19.0,0.5342953189643439,0.5154058928147248,0.18436770627763507,19.0,0.6373045080336673,0.642567442518643,0.6323906209881144
strain_sample_51-MetaPhlAn,0.972696821498622,0.7245065134469606,0.631578947368421,0.7411229545649595,0.6,0.7327205403091717,0.6153846153846154,6841961.0,36.86556538523314,6.169066778327607,0.26727945969082834,0.2694148279101906,0.7876273881418171,2.6047603806615465,19.0,0.46083967113889396,0.6131838107920056,0.24782658407250024,19.0,0.6740525778468935,0.6780427304076908,0.6705614772824797
strain_sample_52-MetaPhlAn,0.9708121375251836,0.7354368650136794,0.5909090909090909,0.7510486232564657,0.65,0.7431607631815568,0.6190476190476191,6565228.0,39.208937864882884,5.566453797811347,0.2568392368184432,0.2568989191803721,0.7663748542882395,2.5043354809940808,22.0,0.4833486375978367,0.5615817653818739,0.19456187096668887,22.0,0.6811041911145879,0.6631729779613852,0.7005243116282329
strain_sample_53-MetaPhlAn,1.0155246183496889,0.7175675017819018,0.5,0.751774647686451,0.4,0.7342728935374556,0.4444444444444445,7019950.0,39.27649173160607,9.362490354256543,0.2657271064625444,0.2718634513854714,0.6944068928455323,2.1225851478652062,16.0,0.5528053775285479,0.5306462869663016,0.20452031978721366,16.0,0.58935866899095,0.6087837508909508,0.5758873238432255
strain_sample_54-MetaPhlAn,1.0169719715869443,0.6854767965585231,0.5833333333333334,0.7344918460373803,0.7,0.7091383606889122,0.6363636363636365,7612021.0,39.338908723186094,6.319489302605902,0.29086163931108777,0.29115033582305244,0.77753196836576,2.6164419309008657,24.0,0.471665970369519,0.5706572148603904,0.18729282747091905,24.0,0.6727509985262743,0.6344050649459283,0.7172459230186901
strain_sample_55-MetaPhlAn,1.0237885671717049,0.7218462118732747,0.5454545454545454,0.7676008694623511,0.6,0.7440207668944686,0.5714285714285713,6768822.0,39.1703236051571,7.1348821019342425,0.2559792331055314,0.2614988238648716,0.7754613835976959,2.5040841714726403,22.0,0.4738557886409883,0.5615254107737238,0.20243531461468034,22.0,0.65772466916152,0.63365037866391,0.6838004347311755
strain_sample_56-MetaPhlAn,1.0058836870333894,0.7203407855423664,0.5238095238095238,0.7457583268402859,0.55,0.7328292261330869,0.5365853658536585,7030503.0,41.92901615422189,2.265239965381724,0.2671707738669131,0.2651059045603288,0.7461950288784835,2.4852503662545256,21.0,0.5037913552005552,0.5658175689593613,0.18762062621794995,21.0,0.6347072959933726,0.6220751546759451,0.647879163420143
strain_sample_57-MetaPhlAn,1.0559208607700583,0.7725003583998752,0.6111111111111112,0.8651417603128521,0.55,0.8162006976636795,0.5789473684210527,4887730.0,36.818222056352845,4.690802681297331,0.18379930233632047,0.2123066576868235,0.5521430034856235,1.7789367410010881,18.0,0.6692219963583933,0.4266112077281441,0.12404753300258466,18.0,0.6975740330423661,0.6918057347554931,0.707570880156426
strain_sample_58-MetaPhlAn,0.9831341301860118,0.7243512532098445,0.5,0.7670604091052325,0.45,0.7450943058344547,0.4736842105263158,6482340.0,41.56973726363192,8.372250083973357,0.25490569416554537,0.26245999773014417,0.7913475542341363,2.5659361338429334,18.0,0.4567854946962737,0.6153434733131689,0.26625882745652746,18.0,0.6093892581803853,0.6121756266049223,0.6085302045526163
strain_sample_59-MetaPhlAn,0.9837976897182936,0.7556044676434472,0.4444444444444444,0.7687276051523514,0.4,0.7621095471521664,0.4210526315789474,6176813.0,42.40693262166866,5.51636168911894,0.2378904528478337,0.2373980599349653,0.7008546922332257,2.178935666193123,18.0,0.5469424873946066,0.5225359366030475,0.18571428036193335,18.0,0.5915810893655569,0.6000244560439458,0.5843638025761757
strain_sample_6-MetaPhlAn,1.0055556515695152,0.7202561674153983,0.5652173913043478,0.7768819592000438,0.65,0.7474981934132754,0.6046511627906976,6511760.0,39.9218560781421,7.435719051657282,0.25250180658672444,0.2636143681185893,0.7998101773892825,2.7256776674243866,23.0,0.44742650885599605,0.6025511961375319,0.2171851710669209,23.0,0.6760746781019865,0.6427367793598731,0.7134409796000218
strain_sample_60-MetaPhlAn,0.9602265076666724,0.763204557786388,0.6875,0.7768135816989581,0.55,0.7699489387847628,0.6111111111111112,5828227.0,35.054259983409395,4.655185691686807,0.2300510612152373,0.2280431159107106,0.6689646930686661,2.1048316598677377,16.0,0.5753573533555949,0.5262079149669344,0.18880161327614603,16.0,0.6905300249479369,0.725352278893194,0.6634067908494791
strain_sample_61-MetaPhlAn,0.9535406298959488,0.5922825414286224,0.6,0.7538052322174807,0.6,0.6633529958757974,0.6,7632304.0,36.785652286677255,4.321346635888531,0.3366470041242026,0.3061838453502859,0.6744324722678231,2.110424838934952,20.0,0.570586104090202,0.4883063282407416,0.15357796997841786,20.0,0.6316764979378987,0.5961412707143112,0.6769026161087404
strain_sample_62-MetaPhlAn,1.0028846567066936,0.673011163600685,0.5909090909090909,0.7545573485910031,0.65,0.7114551979001479,0.6190476190476191,7287012.0,36.013915397785276,6.03259159221067,0.28854480209985195,0.29033169915053025,0.7586791857462181,2.4851758345191297,22.0,0.4912449221661834,0.557285332985674,0.18835733500693305,22.0,0.6652514084738834,0.631960127254888,0.7022786742955016
strain_sample_63-MetaPhlAn,0.9990827473107818,0.5490148338857442,0.6,0.5739245510494803,0.6,0.5611934112998567,0.6,11418335.0,41.421166728922856,5.308425895120137,0.4388065887001434,0.43556021989204413,0.7734320740934584,2.444316215277169,20.0,0.475992198759477,0.5655615182882566,0.22068437004020067,20.0,0.5805967056499284,0.5745074169428721,0.5869622755247401
strain_sample_64-MetaPhlAn,0.966444026897572,0.7560836746713909,0.5238095238095238,0.7650990025207927,0.55,0.7605646238111253,0.5365853658536585,6107202.0,39.81888293985313,4.315586983937572,0.23943537618887475,0.2397099654544872,0.7020409847333335,2.2063585564891377,21.0,0.5458570731349229,0.5023222012705322,0.1598174419271378,21.0,0.6485749948323919,0.6399465992404574,0.6575495012603964
strain_sample_65-MetaPhlAn,1.0421036757401572,0.5578060827428236,0.55,0.814506705543351,0.55,0.6621475784020082,0.55,7890645.0,40.248600144428366,8.012131221318011,0.33785242159799184,0.372240975378822,0.8193712885405723,2.840713960904991,20.0,0.4250049489334493,0.6572793203721788,0.2768109211210913,20.0,0.6060737892010042,0.5539030413714119,0.6822533527716755
strain_sample_66-MetaPhlAn,1.0066389796803474,0.7140222899395791,0.5652173913043478,0.7410060941092759,0.65,0.7272639818926352,0.6046511627906976,7167178.0,39.54219602341015,6.122150145455311,0.2727360181073648,0.2749216288893057,0.7146397548867808,2.2459232032092147,23.0,0.534192084651266,0.4964944052997753,0.1523627120950743,23.0,0.6659575723416664,0.6396198406219634,0.695503047054638
strain_sample_67-MetaPhlAn,1.0424103242780114,0.7232482806867049,0.55,0.7787953098873223,0.55,0.7499947037723675,0.55,6691225.0,37.623254623856006,4.4921573408111435,0.2500052962276325,0.25241207906483865,0.7771474992507859,2.4978572496432356,20.0,0.4720732051228623,0.5779497471506024,0.2243636478473591,20.0,0.6499973518861838,0.6366241403433525,0.6643976549436612
strain_sample_68-MetaPhlAn,0.8958138048732811,0.7644743413704168,0.5238095238095238,0.7011974849429123,0.55,0.7314700001031885,0.5365853658536585,6687973.0,40.38067305456444,7.4221191826979105,0.2685299998968115,0.2656844669587463,0.7419343790453697,2.3675793338332505,21.0,0.5080024481139127,0.5390273757435824,0.1845230195440073,21.0,0.6340276829784235,0.6441419325899703,0.6255987424714562
strain_sample_69-MetaPhlAn,0.9720297562084912,0.6970715259146828,0.5454545454545454,0.7859949868455476,0.6,0.7388673672120003,0.5714285714285713,6373038.0,41.712580500564385,2.2221150177839903,0.2611326327879997,0.2431791463561064,0.7366662000615896,2.6303583418952856,22.0,0.5131614317440424,0.5898416136491996,0.17261189207453262,22.0,0.6551479693202857,0.621263035684614,0.6929974934227738
strain_sample_7-MetaPhlAn,0.9608897529731238,0.6998187017021366,0.5833333333333334,0.75820609432438,0.7,0.7278433206331909,0.6363636363636365,6693122.0,37.054377421362425,5.2161049383427045,0.2721566793668091,0.2695206869935199,0.6978060581280645,2.2886604441476393,24.0,0.5497226835683741,0.499166665766113,0.13788054918825698,24.0,0.6821034784984137,0.641576017517735,0.72910304716219
strain_sample_70-MetaPhlAn,0.9702293532011652,0.7443814796025503,0.5294117647058824,0.7627452148692329,0.45,0.7534514698555156,0.4864864864864865,6291757.0,38.58708283857132,2.5239445958756663,0.2465485301444845,0.2453418897644926,0.6605198921392621,2.0218429706718952,17.0,0.5826499369226895,0.4946449788528037,0.17327533498927544,17.0,0.619968978171001,0.6368966221542163,0.6063726074346164
strain_sample_71-MetaPhlAn,1.0071769906847008,0.7076867331897151,0.5909090909090909,0.7451356400983203,0.65,0.7259285327923031,0.6190476190476191,7158488.0,36.79977497426385,7.409129853538227,0.2740714672076969,0.2789986791826157,0.7410805869096883,2.4045987288282715,22.0,0.5088420431365087,0.5392164146611722,0.17555479873844296,22.0,0.6724880759199611,0.649297912049403,0.6975678200491602
strain_sample_72-MetaPhlAn,0.9485271783162924,0.6685624838100408,0.6,0.7174285842360293,0.6,0.6921340942107969,0.6,7503427.0,37.080450861212476,3.7104588068971367,0.30786590578920314,0.31307977446793306,0.7483178234340111,2.425918343240032,20.0,0.5016801118799613,0.5613046515303619,0.19866325332294807,20.0,0.6460670471053984,0.6342812419050203,0.6587142921180147
strain_sample_73-MetaPhlAn,1.027671302204649,0.7074023761081691,0.5238095238095238,0.7418154566816549,0.55,0.724200330436417,0.5365853658536585,7369817.0,42.02255397967133,8.893659992338787,0.27579966956358315,0.2777796592333169,0.7585653866223766,2.456904904677648,21.0,0.4913606816050211,0.5593641506727236,0.19723372284059185,21.0,0.6303928481450377,0.6156059499588464,0.6459077283408274
strain_sample_74-MetaPhlAn,0.9475081346458539,0.7947638918376896,0.5714285714285714,0.7796424886967741,0.6,0.7871305734270763,0.5853658536585366,5422097.0,37.76614614509844,4.027001476306717,0.2128694265729236,0.21460910595152966,0.6668025075145414,2.1152381426007665,21.0,0.5772335308459131,0.4815767939791975,0.14291538409799354,21.0,0.6862482135428064,0.6830962316331305,0.6898212443483871
strain_sample_75-MetaPhlAn,0.9568895914086148,0.7484972030318606,0.5652173913043478,0.74732909481087,0.65,0.7479126928266912,0.6046511627906976,6423627.0,39.65178081319333,3.0989871063341314,0.2520873071733089,0.2521166238475436,0.7087512516669789,2.3168304540958564,23.0,0.5396756015747102,0.512169497533606,0.14928222393543505,23.0,0.6762819278086944,0.6568572971681041,0.6986645474054349
strain_sample_76-MetaPhlAn,0.9967073405042709,0.7498809507391906,0.6842105263157895,0.7663236502073085,0.65,0.7580131428603424,0.6666666666666667,6353295.0,36.432673094323576,4.131845876370066,0.2419868571396577,0.24390480379171825,0.8001049438500176,2.5932933969266934,19.0,0.4470968557876156,0.6104843806113909,0.2632960512434017,19.0,0.7123399047635046,0.71704573852749,0.7081618251036543
strain_sample_77-MetaPhlAn,1.0772245557918416,0.6890114890212781,0.6,0.7743177484444991,0.6,0.7291781113528458,0.6,7340630.0,36.591775647437174,5.9217620797570945,0.2708218886471542,0.24962209260560936,0.6847417224289124,2.1514062282850617,20.0,0.5614793966263947,0.4977885288813745,0.15860011792624698,20.0,0.6645890556764229,0.644505744510639,0.6871588742222495
strain_sample_78-MetaPhlAn,0.9860159837084499,0.7696891714406734,0.6111111111111112,0.7797343524368658,0.55,0.7746791996148824,0.5789473684210527,5874102.0,36.29276442107022,5.347037088177287,0.2253208003851177,0.22380614590134476,0.7210331373477799,2.2012914241099955,18.0,0.528173821402107,0.5278971260510927,0.19914750815696364,18.0,0.6768132840179675,0.6904001412758922,0.6648671762184329
strain_sample_79-MetaPhlAn,0.9967646736625652,0.7279382843486734,0.5454545454545454,0.7580147511547201,0.6,0.7426721360404576,0.5714285714285713,6692106.0,40.06691313180178,6.206515601711558,0.2573278639595425,0.2623392540621829,0.7273158393812164,2.3924331866188764,22.0,0.522192516145719,0.5364883669524572,0.16669301712060774,22.0,0.6570503537345145,0.6366964149016094,0.67900737557736
strain_sample_8-MetaPhlAn,0.9749727461718829,0.6293321068801558,0.6111111111111112,0.6749470266600943,0.55,0.6513419150815319,0.5789473684210527,8745662.0,38.74571543194061,3.753083168414586,0.348658084918468,0.34171211640690563,0.7577468539167812,2.4476679231513407,18.0,0.4921928286966602,0.5869812819906187,0.22932852040844545,18.0,0.6151446417512922,0.6202216089956335,0.6124735133300472
strain_sample_80-MetaPhlAn,0.9792225068135122,0.7778788486301076,0.5789473684210527,0.7751276125431891,0.55,0.7765007936038684,0.5641025641025641,5836410.0,36.74115253408975,4.980539719774987,0.22349920639613166,0.2237198452681849,0.7240143883443271,2.253353043360832,19.0,0.5253440529266588,0.5304593913689808,0.1907040683448128,19.0,0.6703016788532162,0.6784131085255801,0.6625638062715946
strain_sample_81-MetaPhlAn,0.9654116852124532,0.7481524664214414,0.6111111111111112,0.7498702604919785,0.55,0.7490103785529378,0.5789473684210527,6444658.0,38.12614391516663,9.002213207448133,0.25098962144706216,0.25063307645804384,0.7519511803429828,2.502249815949029,18.0,0.4980456563508697,0.6000707003323896,0.2239702476003456,18.0,0.6639788734869952,0.6796317887662763,0.6499351302459893
strain_sample_82-MetaPhlAn,1.030013714955013,0.6944256793487579,0.5714285714285714,0.7422477628887038,0.6,0.7175408020160084,0.5853658536585366,7492535.0,39.441374484531615,4.7241917467335774,0.28245919798399155,0.28792319478936673,0.7297212589894517,2.293149309507616,21.0,0.5198841504478382,0.5220818735948448,0.1761849542476194,21.0,0.6514533278372725,0.6329271253886646,0.6711238814443519
strain_sample_83-MetaPhlAn,0.9978209388553848,0.6700674349824469,0.5909090909090909,0.7294060146424951,0.65,0.6984787277289909,0.6190476190476191,7681827.0,37.23617733801231,5.702456814802708,0.3015212722710091,0.3021010523951675,0.7246700243945199,2.321100452538708,22.0,0.5247197790001185,0.5204924418704248,0.16509116144940642,22.0,0.658763173388305,0.6304882629457689,0.6897030073212476
strain_sample_84-MetaPhlAn,0.9518119347331396,0.7779208264868105,0.5652173913043478,0.7905757666927412,0.65,0.7841972453116564,0.6046511627906976,5423396.0,39.18375370121246,8.081844739907872,0.2158027546883436,0.21385374632758086,0.6418580940508265,2.1575983467740643,23.0,0.598450624521469,0.4769688948075659,0.12139953506511893,23.0,0.694424204051177,0.6715691088955791,0.7202878833463706
strain_sample_85-MetaPhlAn,0.9977115627182329,0.7041177121975944,0.5,0.815093408003034,0.5,0.7555522705687463,0.5,6052307.0,42.3796501489595,3.314971722671982,0.2444477294312537,0.21834756615392908,0.7165926360625073,2.374887292064443,20.0,0.5323609439642857,0.5494971780936899,0.1764244912529084,20.0,0.6277761352843731,0.6020588560987972,0.657546704001517
strain_sample_86-MetaPhlAn,1.0014008433466215,0.7246925378734581,0.5454545454545454,0.7501117169203149,0.6,0.7371830696265702,0.5714285714285713,6885720.0,38.02295799876211,2.5725862481675685,0.2628169303734297,0.2656016597686649,0.7414992950672916,2.3900450382573544,22.0,0.5084304472421479,0.5359528394310705,0.17583915473800332,22.0,0.6543058205275707,0.6350735416640018,0.6750558584601574
strain_sample_87-MetaPhlAn,0.9518832433615626,0.6734508044260767,0.4782608695652174,0.6762934308066233,0.55,0.6748691242623025,0.5116279069767442,8217163.0,42.984087198674594,4.6542899093302195,0.3251308757376975,0.3252028337755387,0.766560906762923,2.4688953882590807,23.0,0.4831561904265934,0.5457856910643724,0.18625098421458225,23.0,0.5932485156195233,0.575855836995647,0.6131467154033117
strain_sample_88-MetaPhlAn,1.0125972611114709,0.7164176136100109,0.6190476190476191,0.7527669499147777,0.65,0.7341426193160958,0.6341463414634146,6992064.0,37.24745228358884,5.0827876675767705,0.26585738068390424,0.2651409718322301,0.7582408794413706,2.501864020543378,21.0,0.4916907953099541,0.5696000037630695,0.19696898097997284,21.0,0.6841444803897552,0.667732616328815,0.7013834749573888
strain_sample_89-MetaPhlAn,1.0145642759400797,0.6864410785576752,0.5789473684210527,0.7536738489311693,0.55,0.7184880593427968,0.5641025641025641,7260180.0,37.722116895418466,4.06222547789612,0.2815119406572032,0.27437543169540385,0.76248941482224,2.4355159906614583,19.0,0.4873512272293011,0.5733421728486853,0.22159677181535875,19.0,0.6412953117226805,0.632694223489364,0.6518369244655846
strain_sample_9-MetaPhlAn,0.933428362439096,0.7329963356247986,0.6190476190476191,0.7158583301347207,0.65,0.7243259730818726,0.6341463414634146,6932066.0,37.239107080199325,3.8794794293127897,0.27567402691812737,0.27683893251101954,0.7272584238455957,2.382832926386065,21.0,0.5222475028690663,0.5425001649536036,0.1745940178628635,21.0,0.6792361572726436,0.6760219773362088,0.6829291650673603
strain_sample_90-MetaPhlAn,0.9645622582212658,0.7163921052553691,0.6190476190476191,0.7120177428219757,0.65,0.7141982260147389,0.6341463414634146,7361374.0,38.59496830768748,4.1585544184397545,0.28580177398526113,0.28566396218791085,0.7806542794926795,2.605512507667271,21.0,0.4683443219266606,0.5931976806036292,0.21709585903436115,21.0,0.6741722837390768,0.6677198621514941,0.6810088714109879
strain_sample_91-MetaPhlAn,0.9926607419298664,0.7600277906963984,0.7,0.7621549862300726,0.7,0.7610899021237146,0.7,6304654.0,34.81690472654233,6.586678429295374,0.2389100978762853,0.23885865554797814,0.7640527754527484,2.5156042361070448,20.0,0.4857446892345635,0.5820560131675689,0.21191179551250375,20.0,0.7305449510618574,0.7300138953481992,0.7310774931150363
strain_sample_92-MetaPhlAn,0.9733391899956548,0.7307474388229178,0.6190476190476191,0.7796369260403433,0.65,0.7544009328609959,0.6341463414634146,6164639.0,35.466313754887906,6.182482286676361,0.2455990671390041,0.23819003823585946,0.6604732427152431,2.157933087482838,21.0,0.5826901453575164,0.4912971626986015,0.14025123675042234,21.0,0.6942736371622052,0.6748975289352684,0.7148184630201717
strain_sample_93-MetaPhlAn,0.9418327730829759,0.7200404939211649,0.6190476190476191,0.7514894020950591,0.65,0.7354288916942009,0.6341463414634146,6493610.0,34.77106942471662,4.243789474286479,0.264571108305799,0.26562298146748986,0.7709547805671255,2.5962933353178843,21.0,0.4785874532181735,0.5910987493420642,0.20790238598716174,21.0,0.6847876165788078,0.669544056484392,0.7007447010475296
strain_sample_94-MetaPhlAn,0.9234834761472704,0.7307365014964827,0.5909090909090909,0.7472623785145242,0.65,0.7389070500128895,0.6190476190476191,6348332.0,35.20695435707671,6.070159954687838,0.2610929499871105,0.2590874785262029,0.7109224706277878,2.3131092687735344,22.0,0.5376602245080175,0.5187004682628968,0.15723998179055562,22.0,0.6789773345302543,0.6608227962027868,0.6986311892572621
strain_sample_95-MetaPhlAn,0.982087486918714,0.7402031844820184,0.4761904761904762,0.7596787692068957,0.5,0.7498145340935982,0.4878048780487805,6455432.0,40.76250493075529,2.582858811849785,0.2501854659064018,0.2519343750656315,0.7434642542154759,2.4043570526568656,21.0,0.5064943543326315,0.5474005681346614,0.18562344001387246,21.0,0.6188097060711893,0.6081968303362473,0.6298393846034478
strain_sample_96-MetaPhlAn,0.9370814003912112,0.7853992675525658,0.6111111111111112,0.7922073857658543,0.55,0.7887886365355633,0.5789473684210527,5246229.0,37.61162163973463,6.556764822466707,0.2112113634644366,0.2099515600710539,0.6633543416858902,2.0879855884974488,18.0,0.5802125265589961,0.5007249741362848,0.16502679949526936,18.0,0.6838680024783079,0.6982551893318385,0.6711036928829271
strain_sample_97-MetaPhlAn,1.0241722183613495,0.7349815450956658,0.6666666666666666,0.7672531625537587,0.6,0.7507707178136888,0.631578947368421,6653479.0,33.896260807066795,5.774050069154633,0.2492292821863113,0.24456818571216365,0.7578017088747346,2.415096965394678,18.0,0.492137069396453,0.5791703602725071,0.2293804605203516,18.0,0.6911748325910549,0.7008241058811662,0.6836265812768794
strain_sample_98-MetaPhlAn,0.9395829570714348,0.7126444051353181,0.5238095238095238,0.7244432114897362,0.55,0.7184953729110324,0.5365853658536585,6983973.0,42.741890713111296,2.9053749985386546,0.2815046270889677,0.2803709055291317,0.7304741851084632,2.4177317333102417,21.0,0.5191595871437816,0.5504455850052581,0.17667713067933985,21.0,0.6275403693823454,0.618226964472421,0.6372216057448681
strain_sample_99-MetaPhlAn,1.067752698290797,0.6972994096668591,0.6111111111111112,0.7685105447960483,0.55,0.731175208051299,0.5789473684210527,7288524.0,35.547095516662594,5.073409897186138,0.26882479194870096,0.25712661483818633,0.6897363340183786,2.1602340669072886,18.0,0.5570138311491206,0.5180510599495427,0.17905917336400715,18.0,0.6550612882361758,0.6542052603889852,0.6592552723980242
