sample,proportion_classified,precision_taxa,recall_taxa,f1_taxa,precision_reads,recall_reads,f1_reads,dissimilarity_species,shannon_diversity,aitchisons_distance,braycurtis_distance,L1_distance
ani95_cLOW_stFalse_r0-kraken2_refseqV205-0.00,0.999030928156112,0.8571428571428571,0.02359550561797753,0.045926735921268454,0.7567365386013737,0.7574705820149779,0.7571033823867654,3462,0.3454239446999319,4.317617472494311,0.24289661761323464,6797807.0
ani95_cLOW_stFalse_r0-kraken2_refseqV205-0.05,0.9983627850126221,0.8571428571428571,0.0634441087613293,0.11814345991561181,0.7616420407037318,0.7628910573766052,0.762266037394127,1226,0.21092980591870614,3.051399182247034,0.23773396260587287,6651099.0
ani95_cLOW_stFalse_r0-kraken2_refseqV205-0.10,0.9978938562402241,0.8571428571428571,0.12017167381974249,0.2107904642409034,0.7577020390151595,0.7593012365763651,0.7585007948731132,601,0.11446972755624696,2.6881141979607928,0.24149920512688688,6754854.0
ani95_cLOW_stFalse_r0-kraken2_refseqV205-0.15,0.9974677846290505,0.8571428571428571,0.1826086956521739,0.3010752688172043,0.7534723943453119,0.7553851923403437,0.754427580903628,362,0.07307581109647909,2.635831504478183,0.24557241909637195,6867319.0
ani95_cLOW_stFalse_r0-kraken2_refseqV205-0.20,0.9969460701197443,0.8571428571428571,0.24489795918367346,0.38095238095238093,0.7481370349158721,0.7504287918262345,0.7492811609789853,245,0.04385561188939313,2.6802796720167446,0.2507188390210147,7009405.0
ani95_cLOW_stFalse_r0-kraken2_refseqV205-0.25,0.9963844270218973,0.8571428571428571,0.30434782608695654,0.4491978609625668,0.7419883179949934,0.7446807656485853,0.7433321037289929,178,0.01988599111709899,2.8022911887717443,0.25666789627100717,7173706.0
ani95_cLOW_stFalse_r0-kraken2_refseqV205-0.30,0.9955501409500604,0.8571428571428571,0.37168141592920356,0.5185185185185185,0.7370671730287884,0.7403616781424993,0.7387107523921984,128,-0.011489039542601276,2.9959687560776227,0.2612892476078015,7299818.0
ani95_cLOW_stFalse_r0-kraken2_refseqV205-0.35,0.9944273547545807,0.8571428571428571,0.4263959390862944,0.5694915254237288,0.7332755999752572,0.7373847837846593,0.7353244511284681,99,-0.023422727079867478,3.1466347246306006,0.26467554887153205,7390263.0
ani95_cLOW_stFalse_r0-kraken2_refseqV205-0.40,0.9929569969815701,0.8571428571428571,0.4970414201183432,0.6292134831460674,0.7260175254360823,0.731167137794546,0.7285832323885272,71,-0.0349541760858445,3.328537813815782,0.27141676761147276,7572904.0
ani95_cLOW_stFalse_r0-kraken2_refseqV205-0.45,0.9910420675894576,0.8469387755102041,0.5570469798657718,0.6720647773279351,0.7170190215795806,0.7235000864530488,0.7202449744797921,51,-0.04485155595691026,3.544264811751574,0.27975502552020787,7798053.0
ani95_cLOW_stFalse_r0-kraken2_refseqV205-0.50,0.9890894238954674,0.8469387755102041,0.6058394160583942,0.7063829787234043,0.7072740174031503,0.7150759075125841,0.7111535649493451,39,-0.05088038244443105,3.7351893163104024,0.28884643505065494,8043576.0
ani95_cLOW_stFalse_r0-kraken2_refseqV205-0.55,0.9862027798011913,0.8469387755102041,0.6535433070866141,0.7377777777777779,0.6943127261340255,0.704026332468858,0.6991357913651925,29,-0.057474886404682124,4.01504964645576,0.30086420863480756,8366079.0
ani95_cLOW_stFalse_r0-kraken2_refseqV205-0.60,0.9825784211050376,0.8469387755102041,0.680327868852459,0.7545454545454545,0.6802133629485841,0.6922738667348256,0.6861906250038281,24,-0.06399278271805642,4.325596744091936,0.313809374996172,8710120.0
ani95_cLOW_stFalse_r0-kraken2_refseqV205-0.65,0.9769239186816794,0.8469387755102041,0.7155172413793104,0.7757009345794393,0.6636720701451729,0.6793487777848375,0.6714189290478569,18,-0.07303371528069569,4.77984872725576,0.32858107095214306,9094113.0
ani95_cLOW_stFalse_r0-kraken2_refseqV205-0.70,0.9601086971894417,0.8469387755102041,0.7345132743362832,0.7867298578199051,0.642161203783373,0.6688421901220071,0.6552301968805652,15,-0.08886615534913567,5.310019553597197,0.3447698031194348,9461004.0
ani95_cLOW_stFalse_r0-kraken2_refseqV205-0.75,0.9472411202461944,0.8469387755102041,0.7410714285714286,0.7904761904761906,0.6232153385208594,0.6579268205321169,0.6401008401487174,14,-0.10548903399211085,5.708614658752027,0.35989915985128257,9811342.0
ani95_cLOW_stFalse_r0-kraken2_refseqV205-0.80,0.929954184266079,0.8469387755102041,0.7477477477477478,0.7942583732057418,0.5965868271086402,0.6415228160723502,0.618239367516913,13,-0.1317749024516992,6.07775352960203,0.381760632483087,10314923.0
ani95_cLOW_stFalse_r0-kraken2_refseqV205-0.85,0.915817035350158,0.8469387755102041,0.7614678899082569,0.8019323671497586,0.5682605292545125,0.6204956965418764,0.593230479496859,11,-0.1664563696940169,6.560640686277106,0.406769520503141,10910139.0
ani95_cLOW_stFalse_r0-kraken2_refseqV205-0.90,0.9048547449377479,0.8469387755102041,0.7830188679245284,0.8137254901960785,0.5340568003100573,0.5902127422084738,0.5607323096202915,8,-0.22374453249240833,7.328500508880764,0.43926769037970853,11714371.0
ani95_cLOW_stFalse_r0-kraken2_refseqV205-0.95,0.8949243121104195,0.8469387755102041,0.8058252427184466,0.8258706467661691,0.47883341950003694,0.5350546554834869,0.5053852720552723,5,-0.35510920747368235,8.68110186570123,0.49461472794472783,13121599.0
ani95_cLOW_stFalse_r0-kraken2_refseqV205-1.00,0.8868145943491119,0.8367346938775511,0.803921568627451,0.8200000000000001,0.3728081597749256,0.42039019446737075,0.3951720120158727,4,-0.7247878833641961,11.367556793155178,0.6048279879841273,15976769.0
ani99_cLOW_stTrue_r6-kraken2_refseqV205-0.00,0.9998697142857143,0.5746268656716418,0.0185721177038109,0.03598130841121495,0.6991672857142858,0.699258389092979,0.6992128344360719,4012,0.14130630357858287,7.848840586766924,0.30078716556392815,8421492.0
ani99_cLOW_stTrue_r6-kraken2_refseqV205-0.05,0.9998554285714286,0.5746268656716418,0.047384615384615386,0.08754974417282547,0.7349296428571429,0.7350359080484207,0.7349827716117765,1491,0.11396974554855799,7.288114135733291,0.2650172283882235,7419946.0
ani99_cLOW_stTrue_r6-kraken2_refseqV205-0.10,0.9997207857142857,0.5746268656716418,0.09188544152744631,0.15843621399176955,0.7589897857142858,0.7592017656930067,0.7590957609046206,704,0.0376907967323028,7.086396888599916,0.24090423909537942,6744377.0
ani99_cLOW_stTrue_r6-kraken2_refseqV205-0.15,0.9994703571428571,0.5746268656716418,0.14076782449725778,0.2261380323054332,0.7545535714285714,0.7549534271187204,0.7547534463144436,413,-0.018079107397221073,7.3128158510138945,0.24524655368555637,6865085.0
ani99_cLOW_stTrue_r6-kraken2_refseqV205-0.20,0.9990423571428572,0.5746268656716418,0.19642857142857142,0.29277566539923955,0.7585181428571428,0.7592452286271575,0.7588815115866373,258,-0.03002905601713568,7.221357922640566,0.24111848841336278,6748085.0
ani99_cLOW_stTrue_r6-kraken2_refseqV205-0.25,0.9985075,0.5746268656716418,0.2558139534883721,0.3540229885057471,0.7538561428571429,0.754982954917357,0.754419128131511,167,-0.056568130543239725,7.302110709175702,0.245580871868489,6871133.0
ani99_cLOW_stTrue_r6-kraken2_refseqV205-0.30,0.9976512142857142,0.5671641791044776,0.33043478260869563,0.41758241758241754,0.7515347142857143,0.7533040641100093,0.7524183490203871,96,-0.1191099775671347,7.441681165304593,0.24758165097961296,6924145.0
ani99_cLOW_stTrue_r6-kraken2_refseqV205-0.35,0.9964182142857143,0.5671641791044776,0.41081081081081083,0.47648902821316613,0.7499940714285714,0.7526900458821973,0.7513396402235359,51,-0.14224992296961148,7.528371093979114,0.24866035977646395,6950021.0
ani99_cLOW_stTrue_r6-kraken2_refseqV205-0.40,0.9948233571428572,0.5671641791044776,0.5,0.5314685314685315,0.7432519285714285,0.7471194993913851,0.7451806957343555,18,-0.1543763689650275,7.594441587121031,0.2548193042656444,7116473.0
ani99_cLOW_stTrue_r6-kraken2_refseqV205-0.45,0.9928638571428572,0.5671641791044776,0.5891472868217055,0.5779467680608366,0.7370579285714286,0.7423554833514076,0.7396972210917999,-5,-0.17494109967211902,7.708472630960327,0.2603027789082001,7262472.0
ani99_cLOW_stTrue_r6-kraken2_refseqV205-0.50,0.9909128571428572,0.5671641791044776,0.6846846846846847,0.6204081632653061,0.7336230714285714,0.7403507444073935,0.736971554326479,-23,-0.19179694641827627,7.7839948002949155,0.2630284456735209,7331334.0
ani99_cLOW_stTrue_r6-kraken2_refseqV205-0.55,0.9881804285714286,0.5671641791044776,0.7835051546391752,0.6580086580086579,0.7284294285714286,0.7371421326614298,0.7327598824567733,-37,-0.2067262871057025,7.836834662394199,0.2672401175432267,7438502.0
ani99_cLOW_stTrue_r6-kraken2_refseqV205-0.60,0.9848616428571428,0.5671641791044776,0.8444444444444444,0.6785714285714286,0.7215308571428571,0.7326215437222763,0.7270339066094675,-44,-0.21687644361759872,8.000890548189915,0.27296609339053246,7585199.0
ani99_cLOW_stTrue_r6-kraken2_refseqV205-0.65,0.9793966428571429,0.5671641791044776,0.8539325842696629,0.6816143497757847,0.7144288571428571,0.7294581438003412,0.721865281242087,-45,-0.22555290032859876,8.10509903360097,0.278134718757913,7707545.0
ani99_cLOW_stTrue_r6-kraken2_refseqV205-0.70,0.9620802857142857,0.5671641791044776,0.8539325842696629,0.6816143497757847,0.7041019285714286,0.7318536082970206,0.7177096000585967,-45,-0.2316362540046537,8.271834664496025,0.2822903999414033,7754270.0
ani99_cLOW_stTrue_r6-kraken2_refseqV205-0.75,0.949983,0.5671641791044776,0.8539325842696629,0.6816143497757847,0.6952840714285714,0.7318910669228517,0.7131180850587635,-45,-0.23986986479464445,8.422752445132229,0.2868819149412365,7831808.0
ani99_cLOW_stTrue_r6-kraken2_refseqV205-0.80,0.9343287142857143,0.5671641791044776,0.8636363636363636,0.6846846846846847,0.6834395,0.7314765023811596,0.7066425628204277,-46,-0.2518931932512709,8.657823825771079,0.2933574371795723,7944296.0
ani99_cLOW_stTrue_r6-kraken2_refseqV205-0.85,0.9213720714285715,0.5671641791044776,0.8636363636363636,0.6846846846846847,0.6705675,0.7277923010628016,0.6980090009338192,-46,-0.266079805744436,8.828752825970803,0.3019909990661807,8123319.0
ani99_cLOW_stTrue_r6-kraken2_refseqV205-0.90,0.9107017857142857,0.5671641791044776,0.8636363636363636,0.6846846846846847,0.6495671428571429,0.7132599859213754,0.6799251957723088,-46,-0.29032224224971515,9.137434095729946,0.3200748042276912,8561945.0
ani99_cLOW_stTrue_r6-kraken2_refseqV205-0.95,0.9012337142857143,0.5671641791044776,0.8735632183908046,0.6877828054298641,0.6026561428571429,0.6687012850321369,0.6339632401096551,-47,-0.360786683606646,10.19383271610917,0.3660367598903449,9742900.0
ani99_cLOW_stTrue_r6-kraken2_refseqV205-1.00,0.8934532142857143,0.5671641791044776,0.8941176470588236,0.6940639269406393,0.5190290714285715,0.5809247346471496,0.5482354330306174,-49,-0.6144532354616441,11.824844414126163,0.45176456696938266,11975531.0
ani97_cHIGH_stTrue_r4-kraken2_refseqV205-0.00,0.9998092145310099,0.6124661246612466,0.07749014229384536,0.13757418962106227,0.7519201046741512,0.7520635874783986,0.7519918392320135,5095,0.09303676321166332,22.837756169969737,0.24800816076798657,6943575.0
ani97_cHIGH_stTrue_r4-kraken2_refseqV205-0.05,0.999809357387969,0.6124661246612466,0.14390321553645335,0.23304975509151843,0.7644878028013964,0.7646335745432938,0.7645606817241064,2403,0.019052316744015307,22.609179651159675,0.2354393182758936,6591681.0
ani97_cHIGH_stTrue_r4-kraken2_refseqV205-0.10,0.999728143206673,0.6111111111111112,0.24234282643739924,0.3470565602154675,0.7718619361775106,0.7720718291492012,0.7719668683962092,1123,-0.06007351220078938,22.3436853855695,0.22803313160379093,6384068.0
ani97_cHIGH_stTrue_r4-kraken2_refseqV205-0.15,0.9995631434188156,0.6111111111111112,0.33833458364591146,0.43553838725253496,0.7740539333592286,0.7743922317020656,0.7742230455756107,595,-0.1060677259841114,22.472346040590164,0.2257769544243893,6320382.0
ani97_cHIGH_stTrue_r4-kraken2_refseqV205-0.20,0.999280715210509,0.6111111111111112,0.42748815165876775,0.5030674846625767,0.7723874355018686,0.7729434019340172,0.7726653187074254,317,-0.12635595662024546,22.927878690138698,0.22733468129257464,6363090.0
ani97_cHIGH_stTrue_r4-kraken2_refseqV205-0.25,0.9989284299491615,0.6111111111111112,0.5011111111111111,0.5506715506715506,0.7697938674078848,0.7706196403350557,0.7702065325344968,162,-0.15296975944216928,23.24986065850399,0.22979346746550317,6430778.0
ani97_cHIGH_stTrue_r4-kraken2_refseqV205-0.30,0.9983576449687421,0.6097560975609756,0.5913272010512484,0.600400266844563,0.7654430158589796,0.7667022130961345,0.7660720970404198,23,-0.18142739483283155,23.05637181961733,0.2339279029595801,6544611.0
ani97_cHIGH_stTrue_r4-kraken2_refseqV205-0.35,0.9975646459883123,0.6097560975609756,0.6578947368421053,0.6329113924050632,0.7583938820650088,0.7602453486246488,0.7593184867264078,-54,-0.19225164509985593,23.051267316864994,0.24068151327359233,6730885.0
ani97_cHIGH_stTrue_r4-kraken2_refseqV205-0.40,0.9965045044942085,0.6097560975609756,0.734094616639478,0.6661732050333087,0.7498608216075151,0.7524911510441378,0.7511736837252804,-125,-0.20092989995616595,23.30143977685763,0.24882631627471966,6954969.0
ani97_cHIGH_stTrue_r4-kraken2_refseqV205-0.45,0.9951598633658899,0.6084010840108401,0.7808695652173913,0.683929931454684,0.7402096911589685,0.74380983237747,0.742005394906265,-163,-0.20764301280468977,23.07702077893023,0.25799460509373495,7206376.0
ani97_cHIGH_stTrue_r4-kraken2_refseqV205-0.50,0.9938013651125306,0.6070460704607046,0.8190127970749543,0.6972762645914397,0.7321300586899245,0.7366965717611221,0.7344062166880931,-191,-0.21135203174746042,22.257454831485713,0.26559378331190686,7413587.0
ani97_cHIGH_stTrue_r4-kraken2_refseqV205-0.55,0.991892010424558,0.6070460704607046,0.8389513108614233,0.7044025157232704,0.7224601425512452,0.7283657242505782,0.7254009140759171,-204,-0.2132934010038987,22.229208417335684,0.2745990859240829,7657614.0
ani97_cHIGH_stTrue_r4-kraken2_refseqV205-0.60,0.9895143706243806,0.6029810298102981,0.8624031007751938,0.7097288676236044,0.7120022274257076,0.7195471319698331,0.7157547971892818,-222,-0.2123829213982571,22.573833851925784,0.2842452028107182,7917149.0
ani97_cHIGH_stTrue_r4-kraken2_refseqV205-0.65,0.9855085186319046,0.6029810298102981,0.8742632612966601,0.7137129109863672,0.6994268150226663,0.7097115872662567,0.7045316687984795,-229,-0.21162949703000145,22.7683606826669,0.29546833120152044,8213179.0
ani97_cHIGH_stTrue_r4-kraken2_refseqV205-0.70,0.9713676082416466,0.6016260162601627,0.8809523809523809,0.7149758454106281,0.6818130519546475,0.7019104262585553,0.6917157907071304,-234,-0.20796813611625886,23.00869760153718,0.30828420929286965,8508392.0
ani97_cHIGH_stTrue_r4-kraken2_refseqV205-0.75,0.961943334644284,0.6002710027100271,0.8842315369261478,0.7150928167877321,0.6678779984425735,0.6943007705225664,0.6808331175004757,-237,-0.2037833364842534,23.26926676857687,0.31916688249952435,8766634.0
ani97_cHIGH_stTrue_r4-kraken2_refseqV205-0.80,0.9506403491766939,0.5989159891598916,0.8893360160965795,0.7157894736842105,0.650387735215769,0.6841575110703433,0.6668453623347614,-241,-0.197220715540519,23.479941906577753,0.33315463766523856,9098120.0
ani97_cHIGH_stTrue_r4-kraken2_refseqV205-0.85,0.941362146820097,0.5934959349593496,0.8902439024390244,0.7121951219512195,0.6300531185031334,0.6692993983574128,0.6490835515003162,-246,-0.19850691901229034,23.253500298395263,0.35091644849968384,9537595.0
ani97_cHIGH_stTrue_r4-kraken2_refseqV205-0.90,0.9337070852337476,0.5907859078590786,0.8989690721649485,0.7130008176614882,0.6051182219908574,0.6480814289198309,0.6258633757011965,-253,-0.2197226458655086,24.056199782460002,0.37413662429880334,10128602.0
ani97_cHIGH_stTrue_r4-kraken2_refseqV205-0.95,0.926683094264593,0.5894308943089431,0.90625,0.7142857142857143,0.5659762008877417,0.6107548571789745,0.5875135382383916,-258,-0.3124885217867508,25.48622632756118,0.4124864617616085,11126244.0
ani97_cHIGH_stTrue_r4-kraken2_refseqV205-1.00,0.9208561017564406,0.5894308943089431,0.919661733615222,0.7184145334434352,0.4958860052894218,0.5385054237503221,0.5163177031699366,-265,-0.6650756497745736,29.087137549292805,0.48368229683006336,13007194.0
ani99_cLOW_stFalse_r2-kraken2_refseqV205-0.00,0.9997062142017755,0.7032967032967034,0.014022787028921999,0.02749731471535983,0.7699544342726955,0.7701807024251346,0.770067551727881,4473,0.32579298685624547,2.889329383686928,0.2299324482721189,6437161.0
ani99_cLOW_stFalse_r2-kraken2_refseqV205-0.05,0.9991997140570612,0.7032967032967034,0.04249667994687915,0.08015028177833437,0.7713122918035119,0.7719300565767223,0.7716210505435248,1415,0.21348477356393936,1.8383134895780289,0.22837894945647522,6392050.0
ani99_cLOW_stFalse_r2-kraken2_refseqV205-0.10,0.9981072137449182,0.7032967032967034,0.09711684370257967,0.17066666666666666,0.7735017924290836,0.7749686424235823,0.7742345226604342,568,0.13656689922819254,1.9859692290806081,0.2257654773395657,6315449.0
ani99_cLOW_stFalse_r2-kraken2_refseqV205-0.15,0.9966820704805915,0.7032967032967034,0.15421686746987953,0.2529644268774704,0.7714829347094099,0.7740511819756198,0.7727649244866688,324,0.10473304851898213,2.235257534387295,0.22723507551333122,6352025.0
ani99_cLOW_stFalse_r2-kraken2_refseqV205-0.20,0.9949644271326935,0.7032967032967034,0.20846905537459284,0.3216080402010051,0.76676650479043,0.7706471546928684,0.7687019320865606,216,0.0935461576097234,2.740225700604707,0.23129806791343946,6460038.0
ani99_cLOW_stFalse_r2-kraken2_refseqV205-0.25,0.9931807837659382,0.7032967032967034,0.25296442687747034,0.37209302325581395,0.7621510749003071,0.7673840325528513,0.7647586020373829,162,0.08806853862042274,2.8365310983190093,0.23524139796261703,6564299.0
ani99_cLOW_stFalse_r2-kraken2_refseqV205-0.30,0.9906446401841829,0.7032967032967034,0.29767441860465116,0.4183006535947712,0.758363573818164,0.7655253388108649,0.7619276273720025,124,0.07367038381560231,3.0353446319658204,0.2380723726279976,6634843.0
ani99_cLOW_stFalse_r2-kraken2_refseqV205-0.35,0.9877226393493256,0.7032967032967034,0.3516483516483517,0.4688644688644689,0.7550819300234086,0.7644675741368328,0.7597457664119399,91,0.06622943869151854,3.308477845808398,0.2402542335880602,6685821.0
ani99_cLOW_stFalse_r2-kraken2_refseqV205-0.40,0.9843537098153456,0.7032967032967034,0.4025157232704403,0.512,0.7501855714815918,0.7621097619699312,0.7561006566227555,68,0.061298286884905906,3.5468187940774554,0.24389934337724448,6775754.0
ani99_cLOW_stFalse_r2-kraken2_refseqV205-0.45,0.9807079230594066,0.7032967032967034,0.4507042253521127,0.5493562231759657,0.7453159986617139,0.7599775439119871,0.7525753696289524,51,0.057983635453451754,3.9769819867860208,0.24742463037104745,6861061.0
ani99_cLOW_stFalse_r2-kraken2_refseqV205-0.50,0.9773894935398553,0.7032967032967034,0.5,0.5844748858447488,0.7405519258719788,0.7576835343194541,0.7490197842067706,37,0.055082468662590145,4.194282073004846,0.2509802157932295,6947997.0
ani99_cLOW_stFalse_r2-kraken2_refseqV205-0.55,0.9731053494586712,0.7032967032967034,0.5663716814159292,0.6274509803921569,0.7344857812816518,0.7547854728064529,0.7444972783467041,22,0.05273457744094845,4.1138544632484635,0.25550272165329574,7057871.0
ani99_cLOW_stFalse_r2-kraken2_refseqV205-0.60,0.9684334195524056,0.7032967032967034,0.64,0.6701570680628273,0.7277362793532227,0.7514572139503103,0.7394065474855631,9,0.052434301310031906,4.022180296393243,0.2605934525144368,7181450.0
ani99_cLOW_stFalse_r2-kraken2_refseqV205-0.65,0.9623398463828132,0.7032967032967034,0.6736842105263158,0.6881720430107526,0.7202663486475281,0.7484532115705519,0.7340893066766159,4,0.050774726562802464,4.046337483260226,0.2659106933233841,7305298.0
ani99_cLOW_stFalse_r2-kraken2_refseqV205-0.70,0.9485846995956284,0.7032967032967034,0.6956521739130435,0.6994535519125683,0.7098539171011192,0.7483295033155419,0.7285841023471329,1,0.03957690142640402,4.039482834290684,0.2714158976528672,7404274.0
ani99_cLOW_stFalse_r2-kraken2_refseqV205-0.75,0.9395597684456481,0.7032967032967034,0.7032967032967034,0.7032967032967034,0.701377128964894,0.7464954891855476,0.723233323742298,0,0.038525427557793535,4.557422212958088,0.276766676257702,7515275.0
ani99_cLOW_stFalse_r2-kraken2_refseqV205-0.80,0.929568265590933,0.6923076923076923,0.7,0.6961325966850829,0.6897541970726278,0.7420156459774864,0.7149311163255367,-1,0.04058803163837155,3.5238479977966444,0.28506888367446326,7700836.0
ani99_cLOW_stFalse_r2-kraken2_refseqV205-0.85,0.9206628344750956,0.6923076923076923,0.7,0.6961325966850829,0.6746098356028102,0.7327436389755329,0.7024760655476282,-1,0.05080911093953677,3.999519898389932,0.2975239344523719,8000202.0
ani99_cLOW_stFalse_r2-kraken2_refseqV205-0.90,0.9127202607772174,0.6923076923076923,0.7,0.6961325966850829,0.6418896119684606,0.7032709139401224,0.6711798114248387,-1,0.06383730875493487,4.634538670783613,0.32882018857516127,8805172.0
ani99_cLOW_stFalse_r2-kraken2_refseqV205-0.95,0.8850273957221131,0.6923076923076923,0.7,0.6961325966850829,0.5579758022788006,0.6304616161893339,0.592008162369494,-1,-0.02679800471645244,5.838650670401209,0.4079918376305059,10767058.0
ani99_cLOW_stFalse_r2-kraken2_refseqV205-1.00,0.8849637528467865,0.6923076923076923,0.7078651685393258,0.7,0.39248839785382794,0.44350787994565394,0.41644132123078564,-2,-0.4196610267948908,8.332399987800377,0.5835586787692143,15399813.0
ani95_cLOW_stTrue_r1-kraken2_refseqV205-0.00,0.9998707143041836,0.6538461538461539,0.02008269344359126,0.03896848137535817,0.548556135920552,0.5486270655524657,0.5485915984438139,3282,0.10781166998203862,7.601580587433557,0.4514084015561861,12638620.0
ani95_cLOW_stTrue_r1-kraken2_refseqV205-0.05,0.999853642878051,0.6538461538461539,0.05178979436405179,0.0959774170783345,0.544238136537409,0.5443178013242365,0.5442779660157321,1209,-0.04454045038057508,7.979289337504547,0.4557220339842678,12759285.0
ani95_cLOW_stTrue_r1-kraken2_refseqV205-0.10,0.9997747857464592,0.6538461538461539,0.10445468509984639,0.18013245033112582,0.537276994674715,0.5373980243696278,0.5373375027070009,547,-0.1921125095357219,8.837627379606037,0.46266249729299913,12953093.0
ani95_cLOW_stTrue_r1-kraken2_refseqV205-0.15,0.9996440000508572,0.6538461538461539,0.1559633027522936,0.2518518518518518,0.5331982095431129,0.5333880956780477,0.533293135707708,332,-0.25202842493687605,9.640903339527755,0.46670686429229197,13065468.0
ani95_cLOW_stTrue_r1-kraken2_refseqV205-0.20,0.9994467857933164,0.6538461538461539,0.22442244224422442,0.33415233415233414,0.5310139955694292,0.5313079226603685,0.5311609184524907,199,-0.2649871137375399,10.205716073129917,0.46883908154750925,13123865.0
ani95_cLOW_stTrue_r1-kraken2_refseqV205-0.25,0.9992000001142857,0.6538461538461539,0.2764227642276423,0.38857142857142857,0.5298512100212557,0.5302754303048968,0.5300632352850804,142,-0.25803158536673987,10.511074009027425,0.4699367647149196,13152968.0
ani95_cLOW_stTrue_r1-kraken2_refseqV205-0.30,0.9987855716020612,0.6538461538461539,0.35789473684210527,0.4625850340136054,0.527682281759674,0.528323893299006,0.5280028926131657,86,-0.2538286995686354,12.35061285585274,0.4719971073868343,13207896.0
ani95_cLOW_stTrue_r1-kraken2_refseqV205-0.35,0.9982034288280816,0.6442307692307693,0.4240506329113924,0.5114503816793894,0.5249023535853781,0.5258470752816667,0.5253742897370824,54,-0.2586135961655458,9.158283896731422,0.47462571026291756,13277584.0
ani95_cLOW_stTrue_r1-kraken2_refseqV205-0.40,0.9974262860819592,0.6442307692307693,0.4785714285714286,0.5491803278688525,0.5217817111740413,0.5231280932285016,0.522454034784472,36,-0.25967036481500916,10.336754489422825,0.47754596521552806,13354082.0
ani95_cLOW_stTrue_r1-kraken2_refseqV205-0.45,0.9963803576599489,0.6442307692307693,0.5275590551181102,0.5800865800865802,0.5186768544747351,0.5205610994709637,0.519617268808135,23,-0.2520077942859711,10.564748589877603,0.4803827311918651,13426375.0
ani95_cLOW_stTrue_r1-kraken2_refseqV205-0.50,0.9953054292420815,0.6442307692307693,0.5929203539823009,0.6175115207373272,0.5161818548311636,0.518616536859678,0.517396331675633,9,-0.2450787415038791,11.795421915796158,0.4826036683243671,13481186.0
ani95_cLOW_stTrue_r1-kraken2_refseqV205-0.55,0.9937002151856835,0.6442307692307693,0.6442307692307693,0.6442307692307693,0.5123853553735207,0.5156337369593665,0.5140044139743444,0,-0.2344866505448744,11.870867247843808,0.48599558602565573,13565015.0
ani95_cLOW_stTrue_r1-kraken2_refseqV205-0.60,0.9916810726169897,0.6346153846153846,0.6947368421052632,0.663316582914573,0.5082479988217145,0.5125115451487614,0.5103708679160132,-9,-0.21905925552433025,8.243525075355029,0.4896291320839869,13652593.0
ani95_cLOW_stTrue_r1-kraken2_refseqV205-0.65,0.9884040730851325,0.6346153846153846,0.7333333333333333,0.6804123711340205,0.503304285242245,0.5092090360081861,0.5062394430336659,-14,-0.1990146237370931,8.550124288789506,0.4937605569663342,13745139.0
ani95_cLOW_stTrue_r1-kraken2_refseqV205-0.70,0.9773501460928363,0.6346153846153846,0.7674418604651163,0.6947368421052632,0.4967339290380101,0.5082456180354696,0.5024238423523889,-18,-0.18125860471213429,8.629274141882824,0.49757615764761115,13774354.0
ani95_cLOW_stTrue_r1-kraken2_refseqV205-0.75,0.9686736473323361,0.6346153846153846,0.7764705882352941,0.6984126984126985,0.49175464403505087,0.507657708444233,0.4995796481569265,-19,-0.16142604826464257,8.932648033276687,0.5004203518430734,13792303.0
ani95_cLOW_stTrue_r1-kraken2_refseqV205-0.80,0.9551496492643358,0.6346153846153846,0.8048780487804879,0.7096774193548387,0.48482221645396906,0.5075877029608744,0.49594384413120823,-22,-0.1370221832245866,9.081084541895077,0.5040561558687918,13797075.0
ani95_cLOW_stTrue_r1-kraken2_refseqV205-0.85,0.9455198649257336,0.6346153846153846,0.8048780487804879,0.7096774193548387,0.47497514643212196,0.5023428529123808,0.4882758125425291,-22,-0.1115322803433525,9.221766075475848,0.511724187457471,13937976.0
ani95_cLOW_stTrue_r1-kraken2_refseqV205-0.90,0.9381526516924783,0.6346153846153846,0.8148148148148148,0.7135135135135134,0.4593507200927543,0.4896332374737316,0.4740088142093756,-23,-0.09337808625828803,9.543531887088898,0.5259911857906244,14272319.0
ani95_cLOW_stTrue_r1-kraken2_refseqV205-0.95,0.9314547240778965,0.625,0.8441558441558441,0.7182320441988951,0.4296859386162945,0.46130630669318534,0.4449350360220663,-27,-0.12151239617864995,10.064165719545104,0.5550649639779337,15009162.0
ani95_cLOW_stTrue_r1-kraken2_refseqV205-1.00,0.9258690105901414,0.6153846153846154,0.8421052631578947,0.7111111111111111,0.3586164487690787,0.3873295732627443,0.3724203949459557,-28,-0.34282571079256385,10.400659003526512,0.6275796050540442,16920908.0
ani100_cLOW_stFalse_r2-kraken2_refseqV205-0.00,0.9919088594546116,0.7386363636363636,0.006780721886083872,0.01343808145544759,0.7993122716250652,0.8058323746241736,0.8025590807843673,9498,0.18105095802800442,0.5549823410755567,0.19744091921563273,5505982.0
ani100_cLOW_stFalse_r2-kraken2_refseqV205-0.05,0.9865898609743254,0.7386363636363636,0.02955889040472942,0.05684302579798863,0.8000681285519633,0.8109429867461245,0.8054688532031155,2111,0.061778314376319976,0.6260222684102096,0.19453114679688452,5410352.0
ani100_cLOW_stFalse_r2-kraken2_refseqV205-0.10,0.9838350760471212,0.7272727272727273,0.07529411764705882,0.13646055437100213,0.7984390575888407,0.8115578281644831,0.8049449949032716,762,0.022374321959403254,0.624257474611163,0.19505500509672838,5417399.0
ani100_cLOW_stFalse_r2-kraken2_refseqV205-0.15,0.9824073621693251,0.7272727272727273,0.12075471698113208,0.20711974110032363,0.7998801286056776,0.8142041269310157,0.806978569460495,442,-0.0011028754738129365,0.3445599210440553,0.19302143053950516,5357061.0
ani100_cLOW_stFalse_r2-kraken2_refseqV205-0.20,0.9796335772475494,0.7272727272727273,0.16623376623376623,0.27061310782241016,0.7986442718159223,0.8152479563428727,0.8068607049253473,297,-0.020885132088237057,0.42481422891191306,0.1931392950746527,5352832.0
ani100_cLOW_stFalse_r2-kraken2_refseqV205-0.25,0.9786685060947126,0.7272727272727273,0.2140468227424749,0.330749354005168,0.7966466295295345,0.8140106936806214,0.8052350629483377,211,-0.021609905683565245,0.5485191343948205,0.19476493705166248,5395255.0
ani100_cLOW_stFalse_r2-kraken2_refseqV205-0.30,0.9774037921703451,0.7159090909090909,0.2581967213114754,0.3795180722891566,0.7814257767354924,0.7994912471132535,0.7903552929650453,156,-0.009097085661688098,0.720505983095274,0.20964470703495466,5803733.0
ani100_cLOW_stFalse_r2-kraken2_refseqV205-0.35,0.9636260818211195,0.7159090909090909,0.30434782608695654,0.42711864406779665,0.7786104203970228,0.8080005669061564,0.7930332842950615,119,-0.05955684373164427,0.8753440597965015,0.20696671570493852,5689675.0
ani100_cLOW_stFalse_r2-kraken2_refseqV205-0.40,0.9620595108401397,0.7045454545454546,0.3333333333333333,0.4525547445255475,0.7689357088755118,0.7992600251974242,0.783804675268243,98,-0.06249039939518042,1.0478200677985183,0.21619532473175698,5938635.0
ani100_cLOW_stFalse_r2-kraken2_refseqV205-0.45,0.96027593992116,0.7045454545454546,0.3780487804878049,0.4920634920634921,0.7641384959604297,0.7957488719577485,0.7796233993375059,76,-0.055798241852372144,1.2786490384950633,0.220376600662494,6047987.0
ani100_cLOW_stFalse_r2-kraken2_refseqV205-0.50,0.9586890832316906,0.7045454545454546,0.4,0.5102880658436215,0.7592979259148783,0.7920168688635996,0.7753123580615394,67,-0.04904259991078597,1.4964045388058622,0.2246876419384607,6161307.0
ani100_cLOW_stFalse_r2-kraken2_refseqV205-0.55,0.9566285838204046,0.7045454545454546,0.4161073825503356,0.5232067510548523,0.7522204279370206,0.7863244321353468,0.7688944484990368,61,-0.03717969090460649,1.7857617446187943,0.23110555150096332,6330630.0
ani100_cLOW_stFalse_r2-kraken2_refseqV205-0.60,0.9469506580140977,0.7045454545454546,0.46616541353383456,0.5610859728506788,0.7433157161955096,0.7849571779741491,0.7635691363166816,45,-0.05135683635073196,2.099413537055872,0.2364308636833185,6444471.0
ani100_cLOW_stFalse_r2-kraken2_refseqV205-0.65,0.9436226589649546,0.7045454545454546,0.49206349206349204,0.5794392523364486,0.7311832910904883,0.774868305825246,0.7523922276969833,38,-0.03554382438196324,2.445740393589937,0.24760777230301656,6737587.0
ani100_cLOW_stFalse_r2-kraken2_refseqV205-0.70,0.932612590682117,0.7045454545454546,0.5210084033613446,0.5990338164251209,0.7145202244227931,0.7661490221788554,0.739434512501652,31,-0.03179759384998704,2.807273381190722,0.2605654874983479,7050012.0
ani100_cLOW_stFalse_r2-kraken2_refseqV205-0.75,0.9270838779760349,0.7045454545454546,0.5486725663716814,0.6169154228855721,0.6995325144192815,0.7545514823820122,0.7260011070758187,25,-0.014622853356132559,3.1305524040945736,0.27399889292418134,7392266.0
ani100_cLOW_stFalse_r2-kraken2_refseqV205-0.80,0.9222492365002182,0.7045454545454546,0.5535714285714286,0.62,0.6777227349363615,0.7348585481167824,0.7051351323934154,24,0.007381394126083407,3.5438519989990347,0.29486486760658465,7935255.0
ani100_cLOW_stFalse_r2-kraken2_refseqV205-0.85,0.9183568804694627,0.7045454545454546,0.5904761904761905,0.6424870466321243,0.6481351005328284,0.7057551528350315,0.6757190042493199,17,0.026962320878157975,4.014001838103334,0.32428099575068015,8709216.0
ani100_cLOW_stFalse_r2-kraken2_refseqV205-0.90,0.9152518099280543,0.7045454545454546,0.6078431372549019,0.6526315789473683,0.6045643986958861,0.6605443356002862,0.6313158359250904,14,0.01791262724634013,4.57742473723176,0.3686841640749095,9885725.0
ani100_cLOW_stFalse_r2-kraken2_refseqV205-0.95,0.9134910247168501,0.7045454545454546,0.6326530612244898,0.6666666666666666,0.526449206728798,0.5763047391647649,0.5502499880360815,10,-0.12493818292553271,5.470101193804409,0.44975001196391845,12048300.0
ani100_cLOW_stFalse_r2-kraken2_refseqV205-1.00,0.9149100957399726,0.7045454545454546,0.6813186813186813,0.6927374301675978,0.3854542470130723,0.42130286768922326,0.4025820824388337,3,-0.7095723448553857,7.6799852664147545,0.5974179175611664,16016027.0
ani97_cLOW_stFalse_r7-kraken2_refseqV205-0.00,0.999809071455847,0.8217821782178217,0.02394000576867609,0.04652466367713005,0.7689870330018524,0.7691338826143188,0.7690604507979708,3366,0.2590644204185324,3.5769845567378034,0.2309395492020293,6465691.0
ani97_cLOW_stFalse_r7-kraken2_refseqV205-0.05,0.9997086428987653,0.8217821782178217,0.06184798807749627,0.11503811503811504,0.7749848178593117,0.775210680996173,0.7750977329736382,1241,0.16934220981711867,3.4708142452001303,0.22490226702636187,6296347.0
ani97_cLOW_stFalse_r7-kraken2_refseqV205-0.10,0.9994888572158775,0.8217821782178217,0.1172316384180791,0.20519159456118666,0.7858145305979242,0.7862163994372553,0.7860154136513727,607,0.07223156699326161,3.7175248953849502,0.21398458634862733,5990038.0
ani97_cLOW_stFalse_r7-kraken2_refseqV205-0.15,0.9991749286892959,0.8217821782178217,0.17659574468085107,0.29071803852889666,0.7860722448468221,0.7867213460589739,0.7863966615089443,369,0.04953686704792748,3.2480696098449284,0.2136033384910556,5978427.0
ani97_cLOW_stFalse_r7-kraken2_refseqV205-0.20,0.9987105716127754,0.8217821782178217,0.24269005847953215,0.37471783295711064,0.7839055308706384,0.7849176259391573,0.7844112519383923,241,0.039072075676437557,3.599360271475317,0.21558874806160772,6032594.0
ani97_cLOW_stFalse_r7-kraken2_refseqV205-0.25,0.9981215716969183,0.8217821782178217,0.3018181818181818,0.4414893617021276,0.782414388226516,0.7838868634973233,0.7831499337270507,174,0.030526390901042255,4.02606469923671,0.2168500662729493,6066100.0
ani97_cLOW_stFalse_r7-kraken2_refseqV205-0.30,0.9971943575436633,0.8217821782178217,0.3624454148471616,0.503030303030303,0.782021102568414,0.7842213472754956,0.7831196794789834,128,0.0193869199131651,4.409283404919904,0.21688032052101652,6064131.0
ani97_cLOW_stFalse_r7-kraken2_refseqV205-0.35,0.9959248577250204,0.8217821782178217,0.42783505154639173,0.5627118644067797,0.7862541019636997,0.7894713098734486,0.7878594215815138,93,-0.006622265330253008,4.669965852081564,0.21214057841848635,5927834.0
ani97_cLOW_stFalse_r7-kraken2_refseqV205-0.40,0.9942007865427448,0.8217821782178217,0.49404761904761907,0.617100371747212,0.7838889594444344,0.7884614154957036,0.7861685390300412,67,-0.012071204753564935,5.010516701208162,0.21383146096995878,5969921.0
ani97_cLOW_stFalse_r7-kraken2_refseqV205-0.45,0.9921396439800508,0.8217821782178217,0.5724137931034483,0.6747967479674798,0.7807713884612302,0.7869571518471944,0.7838520666165196,44,-0.01594832402929658,5.390202156498925,0.2161479333834804,6028357.0
ani97_cLOW_stFalse_r7-kraken2_refseqV205-0.50,0.9900959299862957,0.8217821782178217,0.6335877862595419,0.7155172413793104,0.7774021746568321,0.7851786388694604,0.7812710562773579,30,-0.019509654629324302,5.700305482413679,0.21872894372264198,6094083.0
ani97_cLOW_stFalse_r7-kraken2_refseqV205-0.55,0.9872817875311732,0.8217821782178217,0.6916666666666667,0.751131221719457,0.7724427467938934,0.7823933921899715,0.7773862284054939,19,-0.023435634228293978,6.174165393073284,0.22261377159450618,6193549.0
ani97_cLOW_stFalse_r7-kraken2_refseqV205-0.60,0.9839349308664385,0.8217821782178217,0.7155172413793104,0.7649769585253456,0.7658986048716279,0.7784037143565875,0.7721005290603347,15,-0.025053712230729275,6.465850598336545,0.22789947093966526,6329929.0
ani97_cLOW_stFalse_r7-kraken2_refseqV205-0.65,0.97811686026902,0.8217821782178217,0.7685185185185185,0.7942583732057416,0.7547106778984746,0.7715956125026819,0.7630597494587206,7,-0.02089135059377778,6.638300902404203,0.2369402505412795,6561738.0
ani97_cLOW_stFalse_r7-kraken2_refseqV205-0.70,0.9573035060994991,0.8217821782178217,0.7904761904761904,0.8058252427184466,0.7353058235277395,0.7681010451154809,0.7513457378851294,4,-0.019094201371275155,6.8652540836197975,0.24865426211487063,6813687.0
ani97_cLOW_stFalse_r7-kraken2_refseqV205-0.75,0.9448050078849989,0.8118811881188119,0.8118811881188119,0.8118811881188119,0.7225133253552393,0.7647221588850671,0.7430187832979533,0,-0.020965401032340125,6.872147255614376,0.25698121670204666,6996898.0
ani97_cLOW_stFalse_r7-kraken2_refseqV205-0.80,0.9325314382097946,0.8118811881188119,0.8118811881188119,0.8118811881188119,0.706578184774545,0.757699049944077,0.7312462512165759,0,-0.023602653646281446,7.041712718710992,0.2687537487834241,7271252.0
ani97_cLOW_stFalse_r7-kraken2_refseqV205-0.85,0.9223601539485494,0.8118811881188119,0.8118811881188119,0.8118811881188119,0.6878241874536875,0.7457219227317742,0.7156038747899439,0,-0.02374938738303012,7.5623422255706805,0.28439612521005614,7653966.0
ani97_cLOW_stFalse_r7-kraken2_refseqV205-0.90,0.9135104409270799,0.8118811881188119,0.8118811881188119,0.8118811881188119,0.6594084057987992,0.7218400318770257,0.6892132822429976,0,-0.018708523352552575,7.9233297115738806,0.3107867177570024,8325712.0
ani97_cLOW_stFalse_r7-kraken2_refseqV205-0.95,0.9051342278379675,0.8118811881188119,0.8118811881188119,0.8118811881188119,0.6022339853951449,0.6653532336675194,0.6322221044535926,0,-0.00404592543182325,8.688126244346321,0.36777789554640744,9809329.0
ani97_cLOW_stFalse_r7-kraken2_refseqV205-1.00,0.8981713002612428,0.7920792079207921,0.8163265306122449,0.8040201005025126,0.4895630014909998,0.5450664047588751,0.5158259440795695,-3,-0.06768585193078902,10.014008846021722,0.4841740559204305,12866636.0
ani99_cHIGH_stTrue_r1-kraken2_refseqV205-0.00,0.9997796427941836,0.5338582677165354,0.05233096634763816,0.09531843104175454,0.5919974548564156,0.5921279345135508,0.5920626874961581,5843,0.07608355638153075,19.46922659830796,0.40793731250384196,11420983.0
ani99_cHIGH_stTrue_r1-kraken2_refseqV205-0.05,0.9997487856425101,0.5338582677165354,0.1099935107073329,0.18240516545601293,0.614549961299989,0.6147043838668282,0.6146271628838987,2447,0.012529394446082698,19.167861163776962,0.3853728371161012,10789081.0
ani99_cHIGH_stTrue_r1-kraken2_refseqV205-0.10,0.9996357141816327,0.5338582677165354,0.1917420814479638,0.28214731585518105,0.6329029665437047,0.6331336081382812,0.633018266332301,1133,-0.08964207332571839,19.017089182558635,0.3669817336676991,10273614.0
ani99_cHIGH_stTrue_r1-kraken2_refseqV205-0.15,0.9994385712681633,0.5338582677165354,0.2760586319218241,0.3639291465378422,0.6360838960239703,0.6364412124067405,0.6362625040493521,593,-0.0725191174288291,19.336120191164465,0.36373749595064786,10181788.0
ani99_cHIGH_stTrue_r1-kraken2_refseqV205-0.20,0.999118428319551,0.5338582677165354,0.36295503211991437,0.4321223709369025,0.6385051110014602,0.639068495689127,0.6387866791245423,299,-0.05867664106352155,19.242473347569145,0.36121332087545754,10109512.0
ani99_cHIGH_stTrue_r1-kraken2_refseqV205-0.25,0.9987228567779591,0.5322834645669291,0.43112244897959184,0.4763918252290345,0.6383513252432358,0.6391676338545611,0.638759218746605,149,-0.10290021786976578,18.733505564370812,0.36124078125339504,10108280.0
ani99_cHIGH_stTrue_r1-kraken2_refseqV205-0.30,0.9980724280206937,0.5291338582677165,0.5121951219512195,0.5205267234701781,0.6332974666564191,0.6345205506902235,0.6339084187090941,21,-0.12244521403513886,18.23054210891135,0.36609158129090597,10240682.0
ani99_cHIGH_stTrue_r1-kraken2_refseqV205-0.35,0.9971716420490406,0.5291338582677165,0.5853658536585366,0.5558312655086849,0.6315323232949495,0.6333235891037212,0.6324266878203973,-61,-0.13149738850139414,18.240339018972858,0.3675733121796026,10277495.0
ani99_cHIGH_stTrue_r1-kraken2_refseqV205-0.40,0.9959928559979588,0.5275590551181102,0.6620553359683794,0.5872042068361086,0.6365073961449703,0.639068234588095,0.637785244804124,-129,-0.15241586078053615,18.247985787887202,0.3622147551958761,10121690.0
ani99_cHIGH_stTrue_r1-kraken2_refseqV205-0.45,0.9945302841515098,0.5275590551181102,0.7314410480349345,0.6129917657822507,0.6247758927931122,0.6282120341123086,0.6264892518880928,-177,-0.15417639079750955,18.540941467398664,0.3735107481119072,10429696.0
ani99_cHIGH_stTrue_r1-kraken2_refseqV205-0.50,0.9930584980167138,0.525984251968504,0.7713625866050808,0.6254681647940075,0.6168201048057442,0.621131691675391,0.6189683899589903,-202,-0.1604407101223062,18.90082443587344,0.3810316100410098,10631853.0
ani99_cHIGH_stTrue_r1-kraken2_refseqV205-0.55,0.9909308545516727,0.525984251968504,0.8126520681265207,0.638623326959847,0.6050217442919269,0.610558992600606,0.6077777567299479,-224,-0.16852638652138552,19.291624573405098,0.39222224327005206,10932420.0
ani99_cHIGH_stTrue_r1-kraken2_refseqV205-0.60,0.9883387109539175,0.525984251968504,0.8287841191066998,0.6435452793834296,0.5943097412313546,0.6013219300676215,0.5977952729655713,-232,-0.16764620110311856,19.67760409187974,0.40220472703442867,11196066.0
ani99_cHIGH_stTrue_r1-kraken2_refseqV205-0.65,0.983979495422713,0.525984251968504,0.835,0.6454106280193236,0.5823937378267823,0.591875888202923,0.5870965291430048,-235,-0.17273935108886018,20.065201077582493,0.41290347085699536,11468685.0
ani99_cHIGH_stTrue_r1-kraken2_refseqV205-0.70,0.9698554913872832,0.5244094488188976,0.8387909319899244,0.6453488372093023,0.5684048052585158,0.5860716470713265,0.5771030491766815,-238,-0.17768081379888656,20.18485696533701,0.4228969508233184,11662639.0
ani99_cHIGH_stTrue_r1-kraken2_refseqV205-0.75,0.9600367742962213,0.5244094488188976,0.8494897959183674,0.6484907497565726,0.556738801925372,0.5799140374945566,0.568090159558641,-243,-0.18192345864489567,20.7348086805883,0.4319098404413592,11851825.0
ani99_cHIGH_stTrue_r1-kraken2_refseqV205-0.80,0.9474244135498324,0.5244094488188976,0.8604651162790697,0.6516634050880625,0.5407479402136972,0.5707557589608757,0.5553467815759825,-248,-0.18889359059501842,21.17815358822749,0.4446532184240176,12122996.0
ani99_cHIGH_stTrue_r1-kraken2_refseqV205-0.85,0.9356842673383621,0.5228346456692914,0.8691099476439791,0.6529006882989183,0.5224817207090631,0.5583953251616693,0.5398418838496786,-253,-0.20239895549341913,22.148443936107718,0.4601581161503215,12470088.0
ani99_cHIGH_stTrue_r1-kraken2_refseqV205-0.90,0.9271064077446879,0.5165354330708661,0.8677248677248677,0.6475814412635734,0.501694929055694,0.541140612193734,0.5206717460327814,-257,-0.24174083047748685,21.961680201057145,0.4793282539672185,12932028.0
ani99_cHIGH_stTrue_r1-kraken2_refseqV205-0.95,0.919462976989422,0.5118110236220472,0.8689839572192514,0.6442021803766105,0.46684749052785446,0.5077393024093729,0.48643552506553733,-261,-0.3495100176559678,23.458668375116385,0.5135644749344627,13800748.0
ani99_cHIGH_stTrue_r1-kraken2_refseqV205-1.00,0.9132653323615235,0.5007874015748032,0.8736263736263736,0.6366366366366367,0.39609825602807314,0.4337165136925119,0.41405470462287963,-271,-0.7280993597851415,25.296650737866713,0.5859452953771204,15694959.0
ani100_cHIGH_stFalse_r0-kraken2_refseqV205-0.00,0.9930571378979557,0.6674698795180722,0.016697811803001988,0.03258056927781698,0.7091405779575557,0.7140984651282225,0.7116108860837522,16174,0.1718293660895851,9.700598404403046,0.2883891139162478,8046858.0
ani100_cHIGH_stFalse_r0-kraken2_refseqV205-0.05,0.9877173483695345,0.6674698795180722,0.04893128422540187,0.09117840684660962,0.7100493643209745,0.7188791059437014,0.7144369544325876,5246,0.045494278295908686,9.790516140990855,0.2855630455674124,7946655.0
ani100_cHIGH_stFalse_r0-kraken2_refseqV205-0.10,0.9841537743955532,0.6674698795180722,0.11575428332636857,0.19729344729344728,0.7094740781957701,0.7208975839487223,0.7151402147869332,1978,-0.0029057525866935663,9.986001850015466,0.2848597852130667,7912873.0
ani100_cHIGH_stFalse_r0-kraken2_refseqV205-0.15,0.9817825584161132,0.6650602409638554,0.18229854689564068,0.286158631415241,0.7078268627334734,0.7209609262924714,0.7143335273867635,1099,-0.021502758396178656,10.671324286575544,0.2856664726132365,7925798.0
ani100_cHIGH_stFalse_r0-kraken2_refseqV205-0.20,0.9798686284775918,0.6650602409638554,0.23793103448275862,0.3504761904761905,0.7057466469618907,0.7202461906127144,0.712922702860917,745,-0.03363687356891276,10.375388486794765,0.28707729713908303,7957249.0
ani100_cHIGH_stFalse_r0-kraken2_refseqV205-0.25,0.978339127385091,0.6626506024096386,0.2803261977573904,0.3939828080229226,0.703067502191073,0.7186337360034192,0.710765401602673,566,-0.03924793454542019,8.543880358053304,0.28923459839732696,8010852.0
ani100_cHIGH_stFalse_r0-kraken2_refseqV205-0.30,0.9764889832064165,0.6578313253012048,0.3230769230769231,0.4333333333333333,0.7001176429411735,0.7169744410656378,0.7084457832953739,430,-0.04776242853112933,9.02908469560601,0.291554216704626,8067546.0
ani100_cHIGH_stFalse_r0-kraken2_refseqV205-0.35,0.9745106246504461,0.6578313253012048,0.37193460490463215,0.475195822454308,0.6964727117662227,0.7146897059393736,0.7054636253370594,319,-0.05186766676374521,9.117968686834333,0.29453637466294064,8141907.0
ani100_cHIGH_stFalse_r0-kraken2_refseqV205-0.40,0.9724066945762104,0.655421686746988,0.4152671755725191,0.508411214953271,0.6922518516084655,0.7118953987767015,0.7019362218877503,240,-0.056366354192713075,9.375792411037832,0.29806377811224977,8230636.0
ani100_cHIGH_stFalse_r0-kraken2_refseqV205-0.45,0.9699277642341173,0.655421686746988,0.4533333333333333,0.5359605911330049,0.6875454196752998,0.70886249989782,0.6980412502004698,185,-0.059766576954487505,9.535041365772326,0.3019587497995302,8327711.0
ani100_cHIGH_stFalse_r0-kraken2_refseqV205-0.50,0.9675798339855957,0.655421686746988,0.4865831842576029,0.5585215605749486,0.6830532736094812,0.7059399644532585,0.6943080649753007,144,-0.06297095683344178,9.787329522889864,0.3056919350246993,8420620.0
ani100_cHIGH_stFalse_r0-kraken2_refseqV205-0.55,0.9651156179397271,0.655421686746988,0.518095238095238,0.5787234042553191,0.6764398403141717,0.7008899532246677,0.6884478797470114,110,-0.06285885164234184,9.868874429655843,0.31155212025298856,8571297.0
ani100_cHIGH_stFalse_r0-kraken2_refseqV205-0.60,0.9623516873940624,0.653012048192771,0.5496957403651116,0.5969162995594713,0.668866334904525,0.6950331606065325,0.6816987385097695,78,-0.06425945862113469,10.258338687936359,0.3183012614902305,8744660.0
ani100_cHIGH_stFalse_r0-kraken2_refseqV205-0.65,0.957674255481611,0.653012048192771,0.5645833333333333,0.605586592178771,0.657432612451866,0.6864887603366193,0.6716465832975158,65,-0.06372059961334475,10.946449957260635,0.3283534167024842,8999320.0
ani100_cHIGH_stFalse_r0-kraken2_refseqV205-0.70,0.9417296726640519,0.653012048192771,0.5827956989247312,0.6159090909090909,0.6407686005490004,0.6804167046540384,0.6599977428061511,50,-0.07042021358210082,11.410617082099751,0.34000225719384897,9242688.0
ani100_cHIGH_stFalse_r0-kraken2_refseqV205-0.75,0.9339688099777214,0.6506024096385542,0.5856832971800434,0.6164383561643836,0.6257353040966458,0.6699745188616865,0.6470996852362413,46,-0.07567626023419738,12.285427866503522,0.35290031476375877,9554968.0
ani100_cHIGH_stFalse_r0-kraken2_refseqV205-0.80,0.9266878047770034,0.6506024096385542,0.6,0.6242774566473989,0.6091329350949536,0.6573227056133909,0.6323109884068169,35,-0.08131895692468749,13.015488131918563,0.3676890115931831,9917900.0
ani100_cHIGH_stFalse_r0-kraken2_refseqV205-0.85,0.9203480859629185,0.6457831325301204,0.6036036036036037,0.6239813736903376,0.5831829165592262,0.63365472852488,0.6073720913641563,29,-0.09473832021127038,12.294260212699951,0.3926279086358438,10555744.0
ani100_cHIGH_stFalse_r0-kraken2_refseqV205-0.90,0.9146082961487829,0.6457831325301204,0.6090909090909091,0.6269005847953216,0.549411106722219,0.6007064543757913,0.573914891967568,25,-0.12569834225819498,13.227631183273667,0.42608510803243205,11420997.0
ani100_cHIGH_stFalse_r0-kraken2_refseqV205-0.95,0.909226220875872,0.6409638554216868,0.62004662004662,0.6303317535545024,0.4805725575518268,0.5285511421886664,0.5034212837610835,14,-0.24461953621503785,14.478343313101853,0.4965787162389164,13273126.0
ani100_cHIGH_stFalse_r0-kraken2_refseqV205-1.00,0.9042663601902573,0.6313253012048192,0.6328502415458938,0.632086851628468,0.3372387408848149,0.37294181861842124,0.35419282505323574,-1,-0.784198775203107,21.23515183829649,0.6458071749467642,17217032.0
ani99_cHIGH_stFalse_r7-kraken2_refseqV205-0.00,0.998380855292406,0.7612687813021702,0.0544737785210847,0.10167224080267559,0.5570654223604827,0.5579688546785377,0.5575167725262982,7772,0.19585447777356713,16.369155123538818,0.4424832274737019,12379486.0
ani99_cHIGH_stFalse_r7-kraken2_refseqV205-0.05,0.9974201399087314,0.7612687813021702,0.13889734998477002,0.23493044822256567,0.5926478915975903,0.5941807949173961,0.5934133533115075,2684,0.1088934851641028,16.30942044490677,0.4065866466884925,11369728.0
ani99_cHIGH_stFalse_r7-kraken2_refseqV205-0.10,0.996801139201302,0.7612687813021702,0.23861852433281006,0.3633466135458167,0.6006849722113968,0.6026126461820683,0.6016472651369421,1312,0.02088642092093007,17.115399867045856,0.39835273486305794,11136024.0
ani99_cHIGH_stFalse_r7-kraken2_refseqV205-0.15,0.9962499242856278,0.7562604340567612,0.33162518301610544,0.46106870229007646,0.6022245453994804,0.6044914340458418,0.6033558604792342,767,-0.02316591136591306,16.83970737076119,0.3966441395207659,11085199.0
ani99_cHIGH_stFalse_r7-kraken2_refseqV205-0.20,0.9955457091950962,0.7529215358931552,0.4019607843137255,0.5241138872748402,0.6002685431640493,0.602954276855223,0.6016084125741904,523,-0.039447576277520824,15.959621081047707,0.39839158742580966,11130108.0
ani99_cHIGH_stFalse_r7-kraken2_refseqV205-0.25,0.994792994049136,0.7529215358931552,0.4569402228976697,0.5687263556116016,0.5962828957518809,0.5994039959256373,0.5978393723365896,388,-0.04677305491412653,17.03515297307932,0.40216062766341043,11231168.0
ani99_cHIGH_stFalse_r7-kraken2_refseqV205-0.30,0.9936299212913386,0.7512520868113522,0.5196304849884527,0.614334470989761,0.5944415365046132,0.5982524517096532,0.5963409057580498,267,-0.050050922133078046,15.64530294695601,0.40365909424195023,11266443.0
ani99_cHIGH_stFalse_r7-kraken2_refseqV205-0.35,0.992170848195255,0.7512520868113522,0.569620253164557,0.6479481641468683,0.5919812479785691,0.5966525312201771,0.5943077106211608,191,-0.05393749815047233,15.579296420506395,0.40569228937883917,11314904.0
ani99_cHIGH_stFalse_r7-kraken2_refseqV205-0.40,0.9903404175319057,0.7479131886477463,0.6078697421981004,0.6706586826347305,0.5876410287326043,0.5933727618601129,0.590492986582969,138,-0.06143400943822197,15.828810943009033,0.409507013417031,11410804.0
ani99_cHIGH_stFalse_r7-kraken2_refseqV205-0.45,0.9882144865308418,0.7429048414023373,0.6439942112879884,0.689922480620155,0.581856950693658,0.5887962164330187,0.5853060166651511,92,-0.06644872508601907,15.66035430534984,0.4146939833348488,11542995.0
ani99_cHIGH_stFalse_r7-kraken2_refseqV205-0.50,0.9861532698894513,0.7395659432387313,0.6681749622926093,0.7020602218700476,0.5762978729118547,0.5843897602007224,0.5803156097252568,64,-0.06574044880967111,15.746827135575922,0.4196843902747432,11669792.0
ani99_cHIGH_stFalse_r7-kraken2_refseqV205-0.55,0.9814334073524655,0.7362270450751253,0.6826625386996904,0.7084337349397591,0.5673225055114348,0.5780550175501519,0.5726384781908718,47,-0.06988991565222769,16.509288625589395,0.4273615218091282,11855024.0
ani99_cHIGH_stFalse_r7-kraken2_refseqV205-0.60,0.978231689407645,0.7362270450751253,0.7011128775834659,0.7182410423452771,0.5594800679772205,0.5719300182516129,0.565636543962906,30,-0.06300707970801156,17.032483119652483,0.4343634560370941,12029788.0
ani99_cHIGH_stFalse_r7-kraken2_refseqV205-0.65,0.9726801830630664,0.7345575959933222,0.7119741100323624,0.7230895645028759,0.5496730567692077,0.5651118079102144,0.5572855260457947,19,-0.05053063662230706,17.234104899511586,0.4427144739542053,12226663.0
ani99_cHIGH_stFalse_r7-kraken2_refseqV205-0.70,0.9521981596550396,0.7295492487479132,0.7211221122112211,0.7253112033195019,0.5358768981450265,0.5627787585087991,0.5489984666717623,7,-0.03957883506975346,16.742066845235545,0.4510015333282377,12326207.0
ani99_cHIGH_stFalse_r7-kraken2_refseqV205-0.75,0.9408294323764942,0.7295492487479132,0.7235099337748344,0.7265170407315045,0.5254368147849312,0.5584825439162768,0.541455942515822,5,-0.03835658843972212,17.24790284512486,0.45854405748417804,12459367.0
ani99_cHIGH_stFalse_r7-kraken2_refseqV205-0.80,0.9294465622246425,0.7278797996661102,0.7266666666666667,0.7272727272727273,0.5115158703038518,0.5503445718057548,0.5302203028769831,1,-0.04457713037692468,17.246646911674382,0.46977969712301704,12689793.0
ani99_cHIGH_stFalse_r7-kraken2_refseqV205-0.85,0.9201199801371202,0.7278797996661102,0.7303182579564489,0.7290969899665551,0.49278134889297015,0.5355620566130233,0.5132818302924794,-2,-0.05810927587690262,18.21864814350952,0.4867181697075205,13083787.0
ani99_cHIGH_stFalse_r7-kraken2_refseqV205-0.90,0.9120901138172729,0.7278797996661102,0.7364864864864865,0.7321578505457598,0.46469995965709676,0.50948908733616,0.4860649153500151,-7,-0.10287595676429362,20.040116644435482,0.5139350846499849,13757647.0
ani99_cHIGH_stFalse_r7-kraken2_refseqV205-0.95,0.9047118196706511,0.7212020033388982,0.7409948542024014,0.7309644670050761,0.4113958273095169,0.4547258235879801,0.4319769773683166,-16,-0.246200285028344,22.883849085599856,0.5680230226316835,15146865.0
ani99_cHIGH_stFalse_r7-kraken2_refseqV205-1.00,0.89874866999848,0.6994991652754591,0.7455516014234875,0.7217915590008612,0.3147196453938805,0.3501753670405017,0.3315021628366775,-37,-0.7052351869091229,28.008923857263156,0.6684978371633226,17770311.0
ani100_cLOW_stTrue_r8-kraken2_refseqV205-0.00,0.9995897855384795,0.4682080924855491,0.016811955168119553,0.03245842516529754,0.622280409548747,0.6225357827296366,0.6224080699443761,4645,-0.12465308509012729,13.552894696237336,0.3775919300556239,10570401.0
ani100_cLOW_stTrue_r8-kraken2_refseqV205-0.05,0.999377214018806,0.4682080924855491,0.04918032786885246,0.08901098901098901,0.6262302683844008,0.6266205188590747,0.6264253328421803,1474,-0.1983566449665588,13.487374289193678,0.37357466715781984,10456829.0
ani100_cLOW_stTrue_r8-kraken2_refseqV205-0.10,0.99917435678901,0.4682080924855491,0.09926470588235294,0.16380182002022242,0.6328234854957795,0.6333464036541615,0.633084836594437,643,-0.30499874968792096,13.551432482059598,0.36691516340556307,10269379.0
ani100_cLOW_stTrue_r8-kraken2_refseqV205-0.15,0.9989129995341427,0.4624277456647399,0.15904572564612326,0.23668639053254437,0.6261820540780232,0.6268634549455779,0.6265225692403403,330,-0.35211251059568927,12.096898696684146,0.3734774307596596,10451680.0
ani100_cLOW_stTrue_r8-kraken2_refseqV205-0.20,0.9985414993749283,0.4624277456647399,0.20887728459530025,0.2877697841726619,0.6178988362423584,0.6188013584103952,0.6183497680039317,210,-0.3850737620871314,12.129137494585377,0.3816502319960683,10678409.0
ani100_cLOW_stTrue_r8-kraken2_refseqV205-0.25,0.9981059277596833,0.4624277456647399,0.2684563758389262,0.33970276008492567,0.6109974047131734,0.6121568740550402,0.6115765898339895,125,-0.4302120437284831,12.131406017797085,0.3884234101660105,10865551.0
ani100_cLOW_stTrue_r8-kraken2_refseqV205-0.30,0.9974309274703975,0.4624277456647399,0.3404255319148936,0.392156862745098,0.6018545436519472,0.6034047341787581,0.6026286419968001,62,-0.4819239262120769,12.172811807590085,0.3973713580031999,11112101.0
ani100_cLOW_stTrue_r8-kraken2_refseqV205-0.35,0.9965004985002136,0.4624277456647399,0.39800995024875624,0.4278074866310161,0.5955073980745992,0.5975986956061432,0.5965512140086605,28,-0.5195805822314643,12.116677394626532,0.4034487859913395,11276795.0
ani100_cLOW_stTrue_r8-kraken2_refseqV205-0.40,0.9952935694115298,0.4624277456647399,0.47337278106508873,0.4678362573099415,0.5869871087087609,0.5897627863262682,0.5883716739305489,-4,-0.54662913160948,12.153708657744925,0.41162832606945104,11498466.0
ani100_cLOW_stTrue_r8-kraken2_refseqV205-0.45,0.9937889259095397,0.4624277456647399,0.5405405405405406,0.4984423676012461,0.5783114621334837,0.5819258466823819,0.5801130246218674,-25,-0.5749702504440579,12.1752787395198,0.4198869753781325,11720319.0
ani100_cLOW_stTrue_r8-kraken2_refseqV205-0.50,0.9922929966969986,0.4624277456647399,0.625,0.5315614617940199,0.5721161023354724,0.5765596494582244,0.5743292811689623,-45,-0.5974632041445052,12.175861995936687,0.42567071883103774,11872846.0
ani100_cLOW_stTrue_r8-kraken2_refseqV205-0.55,0.9901906386531308,0.4624277456647399,0.6956521739130435,0.5555555555555556,0.564930456398767,0.5705269615224723,0.5677149167791141,-58,-0.6186417227656582,12.189754920371927,0.43228508322088594,12044611.0
ani100_cLOW_stTrue_r8-kraken2_refseqV205-0.60,0.9875870661087426,0.4624277456647399,0.7407407407407407,0.5693950177935942,0.5595476683775722,0.5665805958580271,0.5630421710008843,-65,-0.6374613949148165,12.185125802469889,0.43695782899911584,12158879.0
ani100_cLOW_stTrue_r8-kraken2_refseqV205-0.65,0.98333134999915,0.4624277456647399,0.7692307692307693,0.5776173285198556,0.5528893083811321,0.5622614476611674,0.5575359945592239,-69,-0.6551120106971435,12.199737824755045,0.4424640054407761,12285733.0
ani100_cLOW_stTrue_r8-kraken2_refseqV205-0.70,0.968431486470637,0.4624277456647399,0.7766990291262136,0.5797101449275363,0.543295232840814,0.5610053374253717,0.5520082731606095,-70,-0.6740452566580837,12.19530185730716,0.4479917268393904,12345769.0
ani100_cLOW_stTrue_r8-kraken2_refseqV205-0.75,0.9585926251111251,0.4624277456647399,0.7843137254901961,0.5818181818181818,0.5367317300278843,0.559916398236074,0.5480789860499262,-71,-0.6952042530744382,12.201368451917205,0.45192101395007384,12391803.0
ani100_cLOW_stTrue_r8-kraken2_refseqV205-0.80,0.9467342628861126,0.4624277456647399,0.7843137254901961,0.5818181818181818,0.5302352272436688,0.5600676430862981,0.5447433040579186,-71,-0.7248059489896264,12.235652729446876,0.45525669594208146,12407688.0
ani100_cLOW_stTrue_r8-kraken2_refseqV205-0.85,0.9362391869596516,0.4624277456647399,0.7843137254901961,0.5818181818181818,0.5234799386342595,0.5591305575813497,0.5407182564631856,-71,-0.7645483692783257,12.274281136283484,0.4592817435368144,12449905.0
ani100_cLOW_stTrue_r8-kraken2_refseqV205-0.90,0.9274370403301602,0.4624277456647399,0.7920792079207921,0.5839416058394161,0.5121467909200532,0.5522173135739037,0.5314277770985714,-72,-0.8289984143816014,12.4620956561027,0.4685722229014286,12644003.0
ani100_cLOW_stTrue_r8-kraken2_refseqV205-0.95,0.9192763225469954,0.4624277456647399,0.7920792079207921,0.5839416058394161,0.48495213640805845,0.5275368510138764,0.5053489491961197,-72,-0.9618704392885729,12.706357129836478,0.49465105080388033,13291203.0
ani100_cLOW_stTrue_r8-kraken2_refseqV205-1.00,0.9125721768166473,0.4624277456647399,0.8080808080808081,0.588235294117647,0.40809474632631987,0.4471917473419899,0.4267496424689887,-74,-1.2682454028305932,13.817272095226748,0.5732503575310113,15349351.0
ani100_cHIGH_stTrue_r4-kraken2_refseqV205-0.00,0.999625500641999,0.5020080321285141,0.05381745120551091,0.09721322099805574,0.5087951992082299,0.5089858140688304,0.5088904887889022,6221,-0.11599998902092246,22.292729287776282,0.4911095112110979,13748515.0
ani100_cHIGH_stTrue_r4-kraken2_refseqV205-0.05,0.9994789294646923,0.5020080321285141,0.11766551615939755,0.1906456532791052,0.5058682042259356,0.5061319346640674,0.5060000350805082,2440,-0.2007784436463762,22.13983331285761,0.49399996491949183,13828419.0
ani100_cHIGH_stTrue_r4-kraken2_refseqV205-0.10,0.9992709298212632,0.5020080321285141,0.20973154362416108,0.2958579881656805,0.5005735704453078,0.5009387899784536,0.5007561136199381,1041,-0.2791123162304423,22.20580764207958,0.49924388638006195,13973757.0
ani100_cHIGH_stTrue_r4-kraken2_refseqV205-0.15,0.9990009302841195,0.5020080321285141,0.29880478087649404,0.37462537462537465,0.5011797122633505,0.5016809264840355,0.5014301941241391,508,-0.25528832762792675,22.23275504578287,0.49856980587586086,13953005.0
ani100_cHIGH_stTrue_r4-kraken2_refseqV205-0.20,0.9986020023965673,0.5020080321285141,0.3894080996884735,0.4385964912280702,0.49245108436956964,0.49314049359777495,0.4927955478670199,216,-0.30210294958818906,22.471505723931255,0.5072044521329802,14191822.0
ani100_cHIGH_stTrue_r4-kraken2_refseqV205-0.25,0.9981368603368108,0.500669344042838,0.45223700120918986,0.47522236340533675,0.4834718140483188,0.48437427096438085,0.48392262176357986,80,-0.3441991190636404,22.636879835193106,0.5160773782364201,14436730.0
ani100_cHIGH_stTrue_r4-kraken2_refseqV205-0.30,0.9974175044271353,0.500669344042838,0.5260196905766527,0.5130315500685872,0.47357147387747334,0.4747976366721859,0.47418376261130735,-36,-0.38886565276292195,22.936516537302833,0.5258162373886927,14703869.0
ani100_cHIGH_stTrue_r4-kraken2_refseqV205-0.35,0.9964767203256223,0.500669344042838,0.5825545171339563,0.5385169186465083,0.46495727435895823,0.4666012410275099,0.4657778070992227,-105,-0.42666376448715315,23.18174910562697,0.5342221929007773,14931896.0
ani100_cHIGH_stTrue_r4-kraken2_refseqV205-0.40,0.9953141508900271,0.500669344042838,0.6338983050847458,0.5594614809274495,0.45677628838350565,0.45892674988600174,0.457848994034104,-157,-0.4527827619099005,23.375668354314328,0.542151005965896,15144688.0
ani100_cHIGH_stTrue_r4-kraken2_refseqV205-0.45,0.9939362961092066,0.500669344042838,0.677536231884058,0.5758275596612779,0.4478895179036836,0.4506219560116282,0.44925158218711014,-195,-0.4814885418236745,23.628976561435742,0.5507484178128899,15374228.0
ani100_cHIGH_stTrue_r4-kraken2_refseqV205-0.50,0.9925867269941823,0.500669344042838,0.7069943289224953,0.5862068965517241,0.4411199580800719,0.44441452427628253,0.442761112582037,-218,-0.5013156009976676,23.836442400461312,0.557238887417963,15544882.0
ani100_cHIGH_stTrue_r4-kraken2_refseqV205-0.55,0.9907162302007483,0.500669344042838,0.73767258382643,0.5964912280701754,0.43359239955588647,0.4376554923986941,0.4356144717945682,-240,-0.5232373229382112,24.09828960665172,0.5643855282054319,15729467.0
ani100_cHIGH_stTrue_r4-kraken2_refseqV205-0.60,0.988506733988456,0.500669344042838,0.7540322580645161,0.6017699115044248,0.42583934141827184,0.4307905315931261,0.4283006279432031,-251,-0.545471047353904,24.383405575993994,0.5716993720567969,15915620.0
ani100_cHIGH_stTrue_r4-kraken2_refseqV205-0.65,0.984885383053629,0.499330655957162,0.7659137577002053,0.6045380875202593,0.41598378688493676,0.4223677130786351,0.41915144364151674,-260,-0.5719886839251211,24.5468917742116,0.5808485563584833,16140877.0
ani100_cHIGH_stTrue_r4-kraken2_refseqV205-0.70,0.9732770458107786,0.4979919678714859,0.7717842323651453,0.6053702196908056,0.4035508081986145,0.414630972687166,0.40901586430080206,-265,-0.6040683649777572,25.01012274118865,0.5909841356991979,16326484.0
ani100_cHIGH_stTrue_r4-kraken2_refseqV205-0.75,0.9658029157664301,0.4966532797858099,0.7761506276150628,0.6057142857142856,0.3935943966953199,0.4075307604377816,0.4004413601572717,-269,-0.6303503234183356,25.20423705996172,0.5995586398427283,16500626.0
ani100_cHIGH_stTrue_r4-kraken2_refseqV205-0.80,0.956686645680036,0.4966532797858099,0.7777777777777778,0.6062091503267973,0.3804269192681384,0.3976504961012827,0.3888480765257363,-270,-0.6692510409904351,25.51009695354807,0.6111519234742637,16741688.0
ani100_cHIGH_stTrue_r4-kraken2_refseqV205-0.85,0.9490770158679728,0.4966532797858099,0.7777777777777778,0.6062091503267973,0.36506915988144023,0.3846570444523602,0.3746072186058443,-270,-0.726565045770168,26.17974693962347,0.6253927813941557,17065171.0
ani100_cHIGH_stTrue_r4-kraken2_refseqV205-0.90,0.9425331699431373,0.49531459170013387,0.7773109243697479,0.6050695012264922,0.3434754826134584,0.3644173951291074,0.35363667187573716,-271,-0.8341393078869253,27.09568524366971,0.6463633281242629,17578181.0
ani100_cHIGH_stTrue_r4-kraken2_refseqV205-0.95,0.9362893235040168,0.4926372155287818,0.7780126849894292,0.6032786885245902,0.3040134074055873,0.3247002820323018,0.31401650953218885,-274,-1.1271154066066202,28.65830034574403,0.6859834904678112,18595707.0
ani100_cHIGH_stTrue_r4-kraken2_refseqV205-1.00,0.9309886897336748,0.48460508701472554,0.7835497835497836,0.5988420181968569,0.21507034559369326,0.23101284469440528,0.222756711872151,-285,-2.061613893579983,31.65649409882328,0.777243288127849,21011908.0
ani97_cHIGH_stFalse_r0-kraken2_refseqV205-0.00,0.9993767856252551,0.8391038696537678,0.07484105358764759,0.13742494996664442,0.7326089618012802,0.7330658189572886,0.7328373191771106,5014,0.5125788970931104,14.004675552426638,0.2671626808228894,7478223.0
ani97_cHIGH_stFalse_r0-kraken2_refseqV205-0.05,0.998889714127102,0.8370672097759674,0.14885910901847157,0.25276752767527677,0.7573767510538216,0.7582185904433595,0.7577974369482026,2270,0.3777765834587399,13.386219267117296,0.24220256305179746,6777906.0
ani97_cHIGH_stFalse_r0-kraken2_refseqV205-0.10,0.9984685712097959,0.8370672097759674,0.24406175771971497,0.3779310344827586,0.7732598961799851,0.7744459049352587,0.7738524461376777,1193,0.2690194270931343,12.767095954999803,0.22614755386232227,6327282.0
ani97_cHIGH_stFalse_r0-kraken2_refseqV205-0.15,0.9980807854401123,0.8370672097759674,0.3267090620031797,0.46998284734133794,0.7909351129907304,0.7924560060956998,0.7916948291122403,767,0.1601968709710997,11.89237452885431,0.20830517088775952,5826947.0
ani97_cHIGH_stFalse_r0-kraken2_refseqV205-0.20,0.9975517139359591,0.8370672097759674,0.411,0.5513078470824949,0.7898576842653835,0.7917962279357988,0.7908257681189685,509,0.14192700315674145,12.19830024724224,0.20917423188103149,5849708.0
ani97_cHIGH_stFalse_r0-kraken2_refseqV205-0.25,0.9969979281425612,0.8329938900203666,0.4717416378316032,0.6023564064801178,0.7826542546648936,0.7850109138371062,0.7838308128770594,376,0.1615259975804033,12.475512629497821,0.21616918712294067,6043651.0
ani97_cHIGH_stFalse_r0-kraken2_refseqV205-0.30,0.996194713742102,0.8309572301425662,0.5382585751978892,0.6533226581265013,0.7780621111517302,0.7810341697448089,0.7795453076750826,267,0.15953045541039046,12.212103759650526,0.22045469232491738,6160986.0
ani97_cHIGH_stFalse_r0-kraken2_refseqV205-0.35,0.9951736421676631,0.8309572301425662,0.5820256776034237,0.6845637583892618,0.7742679677525668,0.7780229850803474,0.7761409346921411,210,0.1463463740960549,12.899877149432216,0.22385906530785885,6252927.0
ani97_cHIGH_stFalse_r0-kraken2_refseqV205-0.40,0.9939416419916631,0.8289205702647657,0.6242331288343558,0.7121609798775151,0.7659671094238728,0.7706358975855219,0.7682944107218513,161,0.16671348407064546,13.103667606761933,0.23170558927814863,6468103.0
ani97_cHIGH_stFalse_r0-kraken2_refseqV205-0.45,0.992456498922357,0.8268839103869654,0.6721854304635762,0.7415525114155251,0.7569396081342298,0.7626929834769992,0.7598054045783477,113,0.1854554699646389,13.637257509948142,0.2401945954216524,6700081.0
ani97_cHIGH_stFalse_r0-kraken2_refseqV205-0.50,0.9908895701270815,0.824847250509165,0.705574912891986,0.7605633802816901,0.7480608925801275,0.754938708744496,0.7514840640130309,83,0.20420474587954462,13.935161537324968,0.24851593598696922,6926748.0
ani97_cHIGH_stFalse_r0-kraken2_refseqV205-0.55,0.9886125698017957,0.8228105906313645,0.7332123411978222,0.7754318618042227,0.7359776051396579,0.7444550348851139,0.7401920477783288,60,0.23180099811466714,14.523586780721157,0.2598079522216713,7233202.0
ani97_cHIGH_stFalse_r0-kraken2_refseqV205-0.60,0.9857946408278059,0.8228105906313645,0.7495361781076066,0.7844660194174756,0.7219944602849229,0.7323984432281344,0.7271592393702399,48,0.26475545855415383,14.954876768112147,0.2728407606297602,7585279.0
ani97_cHIGH_stFalse_r0-kraken2_refseqV205-0.65,0.9813107830443976,0.8207739307535642,0.7690839694656488,0.7940886699507389,0.7053092436156062,0.7187419681942859,0.7119622521125718,33,0.29420506086619014,15.19845483598507,0.2880377478874282,7989691.0
ani97_cHIGH_stFalse_r0-kraken2_refseqV205-0.70,0.9680153525736218,0.8187372708757638,0.7745664739884393,0.796039603960396,0.6831472404496057,0.7057194275208042,0.6942499097440856,28,0.32098057268729185,15.871522306389032,0.3057500902559145,8424091.0
ani97_cHIGH_stFalse_r0-kraken2_refseqV205-0.75,0.9573829939118563,0.8187372708757638,0.7805825242718447,0.7992047713717693,0.6637155948165135,0.6932602720511871,0.6781663035603156,24,0.34943127551008857,16.559535189886613,0.3218336964396845,8819324.0
ani97_cHIGH_stFalse_r0-kraken2_refseqV205-0.80,0.9419529202789886,0.8126272912423625,0.7900990099009901,0.8012048192771085,0.6372593767513396,0.6765299655980634,0.6563077509209527,14,0.3870266640812421,16.27252229827636,0.34369224907904733,9344077.0
ani97_cHIGH_stFalse_r0-kraken2_refseqV205-0.85,0.9277972753996108,0.8126272912423625,0.7932405566600398,0.8028169014084507,0.6074780153540021,0.6547529632401171,0.6302301835425914,12,0.4222464381042439,17.06310007398349,0.3697698164574086,9979776.0
ani97_cHIGH_stFalse_r0-kraken2_refseqV205-0.90,0.9159709879958554,0.8105906313645621,0.804040404040404,0.8073022312373224,0.5705310815044402,0.6228702535139921,0.595552944255411,4,0.46553922780598,17.954882692628303,0.404447055744589,10848722.0
ani97_cHIGH_stFalse_r0-kraken2_refseqV205-0.95,0.9057933436847634,0.8024439918533605,0.8073770491803278,0.8049029622063331,0.5103273586181941,0.5634037412354839,0.5355537212985535,-3,0.5067162641136038,18.791797146677798,0.4644462787014465,12391939.0
ani97_cHIGH_stFalse_r0-kraken2_refseqV205-1.00,0.8974292710613244,0.7820773930753564,0.810126582278481,0.7958549222797928,0.4073702724814675,0.4539302267238289,0.4293917867658966,-17,0.43092045852544913,21.238052953748117,0.5706082132341033,15157640.0
ani97_cLOW_stTrue_r7-kraken2_refseqV205-0.00,0.9998845714120816,0.4647887323943662,0.021262886597938145,0.04066543438077635,0.6780676682953812,0.6781459457242988,0.6781068047508464,2962,0.09516672023052397,10.339124743622891,0.3218931952491537,9012488.0
ani97_cLOW_stTrue_r7-kraken2_refseqV205-0.05,0.9998647142663878,0.4647887323943662,0.04951237809452363,0.0894915254237288,0.7046087435155348,0.7047040799239669,0.7046564084951187,1191,-0.017934096052163895,10.178735381299472,0.2953435915048813,8269060.0
ani97_cLOW_stTrue_r7-kraken2_refseqV205-0.10,0.9997975713996531,0.4647887323943662,0.10138248847926268,0.16645649432534676,0.7164464594923513,0.7165915181103829,0.7165189814596208,509,-0.14859217297511673,10.225466265301383,0.2834810185403792,7936664.0
ani97_cLOW_stTrue_r7-kraken2_refseqV205-0.15,0.999665357095051,0.4647887323943662,0.15602836879432624,0.23362831858407077,0.7206104600872086,0.720851687990115,0.7207310538539828,281,-0.2087196407034071,10.285692294680818,0.2792689461460171,7818221.0
ani97_cLOW_stTrue_r7-kraken2_refseqV205-0.20,0.9994215713459388,0.4647887323943662,0.21782178217821782,0.2966292134831461,0.7203941743420249,0.7208111121434544,0.7206025829331043,161,-0.2323812959397875,10.339045505204119,0.2793974170668956,7820864.0
ani97_cLOW_stTrue_r7-kraken2_refseqV205-0.25,0.9991132855876123,0.4647887323943662,0.264,0.336734693877551,0.7178905311272187,0.7185276599590037,0.7182089542426352,108,-0.2417422162301568,10.391784904963021,0.2817910457573648,7886650.0
ani97_cLOW_stTrue_r7-kraken2_refseqV205-0.30,0.9985964283709183,0.4647887323943662,0.3173076923076923,0.37714285714285706,0.7148203878314839,0.715825099632713,0.7153223909382679,66,-0.2402216606226366,10.43805129024207,0.2846776090617321,7965378.0
ani97_cLOW_stTrue_r7-kraken2_refseqV205-0.35,0.9978697139813877,0.4647887323943662,0.38823529411764707,0.4230769230769231,0.7118868874124125,0.7134066476194212,0.7126459572719109,28,-0.23883325132776712,10.492725109939805,0.28735404272808907,8037342.0
ani97_cLOW_stTrue_r7-kraken2_refseqV205-0.40,0.9968969995567142,0.4647887323943662,0.4342105263157895,0.4489795918367347,0.7060023151431879,0.7081998596215284,0.7070993799879627,10,-0.22918681316215128,10.55455902392975,0.29290062001203726,8188492.0
ani97_cLOW_stTrue_r7-kraken2_refseqV205-0.45,0.9956650708092958,0.4647887323943662,0.5076923076923077,0.48529411764705876,0.7002924571846367,0.7033413923172231,0.7018136133440962,-12,-0.21819048283571885,10.618677452441643,0.2981863866559038,8331121.0
ani97_cLOW_stTrue_r7-kraken2_refseqV205-0.50,0.9944177849168264,0.4647887323943662,0.5641025641025641,0.5096525096525096,0.6943907420558203,0.6982887399926173,0.6963342859327527,-25,-0.20736829400208556,10.67174195003884,0.30366571406724735,8478907.0
ani97_cLOW_stTrue_r7-kraken2_refseqV205-0.55,0.992612427516061,0.4647887323943662,0.6346153846153846,0.5365853658536585,0.6841046691578099,0.6891961557137977,0.6866409741412655,-38,-0.19465450073861756,10.732010063957635,0.3133590258587346,8741642.0
ani97_cLOW_stTrue_r7-kraken2_refseqV205-0.60,0.9904020700574386,0.4647887323943662,0.6804123711340206,0.5523012552301255,0.672546238935177,0.6790638461571193,0.6757893282494113,-45,-0.1843405314770843,10.787107082581489,0.32421067175058876,9034333.0
ani97_cLOW_stTrue_r7-kraken2_refseqV205-0.65,0.9867697123956732,0.4647887323943662,0.7096774193548387,0.5617021276595745,0.6590993798713399,0.6679363701498121,0.6634884513883486,-49,-0.17532204736149914,10.832053045657657,0.3365115486116514,9359992.0
ani97_cLOW_stTrue_r7-kraken2_refseqV205-0.70,0.9751337821619689,0.4647887323943662,0.7252747252747253,0.5665236051502146,0.6417957345422478,0.658161727429156,0.6498757100288591,-51,-0.17076191078773117,10.868745199432931,0.3501242899711408,9681591.0
ani97_cLOW_stTrue_r7-kraken2_refseqV205-0.75,0.9663194951884994,0.4647887323943662,0.7333333333333333,0.5689655172413793,0.6252543036077577,0.6470471792414678,0.6359640995654353,-52,-0.16905708587507906,10.923259449596848,0.3640359004345647,10021351.0
ani97_cLOW_stTrue_r7-kraken2_refseqV205-0.80,0.9546614935230705,0.4647887323943662,0.7586206896551724,0.576419213973799,0.6031922290274613,0.6318388592394656,0.6171833138639992,-55,-0.17176181786419864,11.006492919465058,0.38281668613600084,10475877.0
ani97_cLOW_stTrue_r7-kraken2_refseqV205-0.85,0.9449717064245294,0.4647887323943662,0.7764705882352941,0.5814977973568282,0.5781526540218077,0.6118200683588214,0.5945100919587508,-57,-0.18249769774973235,11.145673191721535,0.40548990804124924,11041328.0
ani97_cLOW_stTrue_r7-kraken2_refseqV205-0.90,0.936752205250315,0.4647887323943662,0.7857142857142857,0.584070796460177,0.5430181490025927,0.579681740762478,0.5607512902585392,-58,-0.22016100515616355,11.393218155657108,0.43924870974146074,11910021.0
ani97_cLOW_stTrue_r7-kraken2_refseqV205-0.95,0.9291839898834271,0.4647887323943662,0.7857142857142857,0.584070796460177,0.492007713143959,0.5295051555996837,0.5100682109368833,-58,-0.335264158944927,11.712058971824817,0.4899317890631167,13232358.0
ani97_cLOW_stTrue_r7-kraken2_refseqV205-1.00,0.9226894889556413,0.4647887323943662,0.7857142857142857,0.584070796460177,0.43377170482452926,0.47011666439974265,0.45121347707595116,-58,-0.6898982511050589,12.26210463147278,0.5487865229240488,14772043.0
