0,UnAmbiguouslyMapped_ds.7,UnAmbiguouslyMapped_ds.hous2,Huttenhower_LC1,Mavromatis_simMC,Huttenhower_LC7,ABRF_MGRG_10ng,Mavromatis_simHC,BioPool,JGI_SRR033547,Huttenhower_HC2,ABRF_MGRG_classIplus,Carma_eval_carma,Huttenhower_LC6,ABRF_MGRG_5ng,UnAmbiguouslyMapped_ds.gut,UnAmbiguouslyMapped_ds.buccal,Huttenhower_LC3,Huttenhower_HC1,JGI_SRR033548,HMP_even_illum_SRR172902,BMI_bmi_reads,UnAmbiguouslyMapped_ds.nycsm,Huttenhower_LC5,Mavromatis_simLC,Huttenhower_LC8,Raiphy_eval_RAIphy,HMP_even_454_SRR072233,Huttenhower_LC2,UnAmbiguouslyMapped_ds.hous1,UnAmbiguouslyMapped_ds.soil,JGI_SRR033549,Huttenhower_LC4,ABRF_MGRG_1ng,UnAmbiguouslyMapped_ds.cityparks,ABRF_MGRG_Half,ABRF_MGRG_Normal
7,5364,0,0,0,0,0,0,0,0,0,0,0,0,0,0,0,0,0,0,0,0,0,0,0,0,0,0,0,0,0,0,0,0,0,0,0
9,3314,0,0,0,0,0,0,0,0,0,0,0,0,0,0,0,0,0,0,0,0,0,0,0,0,0,0,0,0,0,0,0,0,0,0,0
11,4511,0,0,0,0,0,0,0,0,0,0,0,0,0,0,0,0,0,0,0,0,0,0,0,0,0,0,0,0,0,0,0,0,0,0,0
14,4192,0,0,0,0,0,0,0,0,0,0,0,0,0,0,0,0,0,0,0,0,0,0,0,0,0,0,0,0,0,0,0,0,0,0,0
19,5933,0,0,1012,0,0,1033,0,0,0,0,0,0,0,0,0,0,0,0,0,0,0,0,862,0,0,0,0,0,0,0,0,0,0,0,0
24,0,0,0,1012,0,0,1033,0,0,0,0,0,0,0,0,0,0,0,0,0,0,25000,0,862,0,0,0,0,0,0,0,0,0,0,0,0
33,0,0,0,0,0,0,0,0,0,0,0,0,0,0,0,0,0,0,0,0,0,0,0,0,0,0,0,0,0,50000,0,0,0,25000,0,0
34,0,0,0,0,0,0,0,0,11,9999,0,0,0,0,0,0,0,0,1983,0,0,0,0,0,0,0,0,0,0,0,50596,0,0,0,0,0
41,0,0,0,0,0,0,0,0,0,0,0,0,0,0,0,0,0,0,0,0,0,0,0,0,10000,0,0,0,0,0,0,0,0,0,0,0
56,0,0,0,0,0,0,0,0,0,0,0,0,0,0,0,0,0,0,0,0,0,0,0,0,0,0,0,0,0,50000,0,0,0,25000,0,0
104,0,0,0,0,0,0,0,0,0,0,0,0,0,0,0,0,0,0,0,0,0,0,0,0,0,0,0,0,0,50000,0,0,0,25000,0,0
106,34421,0,0,0,0,0,0,0,0,0,0,0,0,0,0,0,0,0,0,0,0,0,0,0,0,0,0,0,0,0,0,0,0,0,0,0
119,0,0,0,0,0,0,0,0,0,0,0,0,0,0,0,0,0,0,0,0,0,0,0,0,0,0,0,0,0,0,0,0,0,25000,0,0
120,0,0,0,0,0,0,0,0,0,0,0,0,0,0,0,0,0,0,0,0,0,0,0,0,0,0,0,0,0,0,0,0,0,25000,0,0
128,0,0,0,0,0,0,0,0,0,0,0,0,0,0,0,0,0,0,0,0,0,0,0,0,0,0,0,0,0,0,0,0,0,25000,0,0
139,0,0,0,0,10000,0,0,0,0,0,0,0,0,0,0,0,0,0,0,0,0,0,0,0,0,0,0,0,0,0,0,0,0,0,0,0
140,43322,0,0,0,0,0,0,0,0,9999,0,0,0,0,0,0,0,0,0,0,0,0,0,0,0,0,0,0,0,0,0,0,0,0,0,0
142,0,0,0,0,0,0,0,0,0,9999,0,0,0,0,0,0,0,0,0,0,0,0,0,0,0,0,0,0,0,0,0,0,0,0,0,0
154,5893,0,0,0,0,0,0,0,0,0,0,0,0,0,0,0,0,0,0,0,0,0,0,0,0,0,0,0,0,0,0,0,0,0,0,0
158,5099,0,0,0,0,0,0,0,0,0,0,0,0,0,0,0,0,9999,0,0,0,0,0,0,0,0,0,10000,0,0,0,0,0,0,0,0
159,3883,0,0,0,0,0,0,0,0,0,0,0,0,0,0,0,0,0,0,0,0,0,0,0,0,0,0,0,0,0,0,0,0,0,0,0
160,2324,0,0,0,0,0,0,0,0,0,0,0,0,0,0,0,0,0,0,0,0,0,0,0,0,0,0,0,0,0,0,0,0,0,0,0
172,0,0,0,0,0,0,0,0,0,0,0,0,0,0,0,0,0,9999,0,0,0,0,0,0,0,0,0,10000,0,0,0,0,0,0,0,0
173,8237,0,0,0,0,0,0,0,0,0,0,0,0,0,0,0,0,0,0,0,0,0,0,0,0,0,0,0,0,0,0,0,0,0,0,0
174,5393,0,0,0,0,0,0,0,0,0,0,0,10000,0,0,0,0,0,0,0,0,0,0,0,0,9000,0,0,0,0,0,0,0,0,0,0
193,32888,0,0,0,0,0,0,0,0,0,0,0,0,0,0,0,0,0,0,0,0,0,0,0,0,0,0,0,0,0,0,0,0,0,0,0
196,4999,0,0,0,0,0,0,0,0,0,0,0,0,0,0,0,0,0,0,0,0,0,9999,0,0,0,0,0,0,0,0,0,0,0,0,0
199,11945,0,0,0,0,0,0,0,0,0,0,0,0,0,0,0,0,0,0,0,0,0,0,0,0,0,0,0,0,0,0,0,0,0,0,0
200,2677,0,0,0,0,0,0,0,0,0,0,0,0,0,0,0,0,0,0,0,0,0,9999,0,0,9000,0,0,0,0,0,0,0,0,0,0
201,4003,0,0,0,0,0,0,0,0,0,0,0,0,0,0,0,0,0,0,0,0,0,0,0,0,0,0,0,0,0,0,0,0,0,0,0
210,0,0,0,0,0,0,0,0,0,0,0,1000,0,0,25000,0,0,0,0,298275,0,0,0,0,0,0,63009,0,0,50000,0,0,0,25000,0,0
212,0,0,0,0,0,0,0,0,0,0,0,0,0,0,0,0,10000,9999,0,0,0,0,0,0,0,9000,0,0,0,0,0,0,0,0,0,0
213,95896,0,0,0,0,0,0,0,0,0,0,0,0,0,0,0,0,0,0,0,0,0,0,0,0,0,0,0,0,0,0,0,0,0,0,0
217,5350,0,0,0,0,0,0,0,0,0,0,0,0,0,0,0,10000,9999,0,0,0,0,0,0,0,0,0,0,0,0,0,0,0,0,0,0
228,0,0,0,0,0,0,0,0,0,9999,0,0,0,0,0,0,0,0,0,0,0,25000,0,0,0,0,0,0,0,0,0,0,0,0,0,0
235,49,0,0,0,0,0,0,0,0,0,0,1000,0,0,0,0,0,0,0,0,0,0,0,0,10000,9000,0,0,0,0,0,0,0,0,0,0
263,0,0,0,0,0,0,0,0,0,9999,0,0,0,0,0,0,0,0,0,0,0,0,0,0,0,0,0,0,0,0,0,0,0,0,0,0
266,12896,0,0,1012,0,0,1033,0,0,0,0,0,0,0,0,0,0,0,0,0,0,0,0,862,0,0,0,0,0,0,0,0,0,0,0,0
274,7635,0,0,0,0,0,0,0,0,9999,0,0,0,0,0,0,0,9999,0,0,0,0,0,0,0,0,0,0,0,0,0,9999,0,0,0,0
277,5240,0,0,0,0,0,0,0,0,0,0,0,0,0,0,0,0,0,0,0,0,0,0,0,0,0,0,0,0,0,0,0,0,0,0,0
285,3357,0,0,0,0,0,0,0,0,0,0,0,0,0,0,0,0,0,0,0,0,0,0,0,0,0,0,0,0,0,0,0,0,0,0,0
287,0,0,0,0,0,0,0,75164,0,9999,0,1000,0,0,25000,0,0,0,0,298275,0,25000,0,0,0,0,63009,0,25000,50000,0,0,0,25000,0,0
288,0,0,0,1012,0,0,1033,0,0,0,0,0,0,0,0,0,0,0,0,0,0,0,0,862,0,0,0,0,0,0,0,0,0,0,0,0
292,0,0,0,0,0,0,0,0,0,0,0,0,0,0,0,0,0,0,0,0,0,0,9999,0,0,0,0,0,0,0,0,0,0,0,0,0
294,0,0,0,1012,0,643220,1033,0,0,0,90909,0,0,495633,0,0,0,0,0,0,0,0,0,862,0,9000,0,0,25000,50000,0,0,562372,25000,562896,589367
300,0,0,0,0,0,0,0,0,0,0,0,0,0,0,0,0,0,0,0,0,0,0,0,0,0,0,0,0,25000,0,0,0,0,0,0,0
303,0,0,0,1012,0,0,1033,0,0,9999,0,0,10000,0,0,0,0,0,0,0,0,0,0,862,0,0,0,0,25000,50000,0,0,0,25000,0,0
305,9941,0,0,0,0,0,0,0,0,0,0,0,0,0,0,0,0,0,0,0,0,0,0,0,0,0,0,0,0,0,0,0,0,0,0,0
316,0,0,0,0,0,0,0,0,0,0,0,0,0,0,0,0,0,0,0,0,0,25000,0,0,0,0,0,0,25000,0,0,0,0,0,0,0
317,0,0,0,1012,0,0,1033,0,0,0,0,0,0,0,0,0,0,0,0,0,0,0,9999,862,0,0,0,0,25000,0,0,0,0,0,0,0
329,9439,0,0,0,0,0,0,0,0,0,0,0,0,0,0,0,0,9999,0,0,0,0,0,0,0,0,0,10000,0,0,0,0,0,0,0,0
339,4828,0,0,0,0,0,0,0,0,0,0,0,0,0,0,0,0,9999,0,0,0,0,0,0,0,0,0,0,0,0,0,9999,0,0,0,0
346,256,0,0,0,0,0,0,0,0,0,0,0,0,0,0,0,0,0,0,0,0,0,0,0,0,9000,0,0,0,0,0,0,0,0,0,0
354,0,0,0,1012,0,0,1033,0,0,0,0,0,0,0,0,0,10000,9999,0,0,0,0,0,862,0,0,0,0,25000,0,0,0,0,0,0,0
358,13407,0,0,0,0,0,0,0,0,0,0,0,0,0,0,0,0,0,0,0,0,0,0,0,0,0,0,0,0,0,0,0,0,0,0,0
373,39635,0,0,0,0,0,0,0,0,0,0,0,0,0,0,0,0,0,0,0,0,0,0,0,0,0,0,0,0,0,0,0,0,0,0,0
382,0,0,0,0,0,0,0,0,0,0,0,1000,0,0,0,0,0,0,0,0,0,0,0,0,0,0,0,0,0,0,0,0,0,0,0,0
384,0,0,0,0,0,0,0,0,0,0,0,0,0,0,0,0,0,0,0,0,0,0,0,0,0,0,0,0,0,50000,0,0,0,25000,0,0
405,0,0,0,1012,0,0,1033,0,0,9999,0,0,0,0,0,0,0,0,0,0,0,0,0,862,0,0,0,0,0,0,0,0,0,0,0,0
408,0,0,9999,0,0,0,0,0,0,0,0,0,0,0,0,0,0,9999,0,0,0,0,0,0,10000,0,0,0,0,0,0,0,0,0,0,0
414,4259,0,0,0,0,0,0,0,0,0,0,0,0,0,0,0,0,9999,0,0,0,0,0,0,0,0,0,10000,0,0,0,0,0,0,0,0
421,5915,0,0,0,0,0,0,0,0,0,0,0,0,0,0,0,0,0,0,0,0,0,0,0,0,0,0,0,0,0,0,0,0,0,0,0
438,29269,0,0,0,0,0,0,0,0,0,0,0,0,0,0,0,0,0,0,0,0,0,0,0,0,0,0,0,0,0,0,0,0,0,0,0
450,9258,0,0,0,0,0,0,0,0,0,0,0,0,0,0,0,0,0,0,0,0,0,0,0,0,0,0,0,0,0,0,0,0,0,0,0
470,0,25000,0,0,0,0,0,0,0,0,0,0,0,0,25000,0,0,0,0,298275,0,0,0,0,0,0,63009,0,0,0,0,0,0,0,0,0
480,5527,0,0,0,0,0,0,0,0,0,0,0,0,0,0,0,0,0,0,0,0,0,0,0,0,0,0,0,0,0,0,0,0,0,0,0
485,3102,0,0,0,0,0,0,0,0,9999,0,0,0,0,0,0,0,0,0,0,0,0,0,0,0,0,0,0,0,0,0,0,0,0,0,0
486,100000,0,0,0,0,0,0,0,0,0,0,0,0,0,0,0,0,0,0,0,0,0,0,0,10000,0,0,0,0,0,0,0,0,0,0,0
487,0,0,0,0,0,0,0,0,0,0,0,0,0,0,25000,0,0,0,0,298275,0,0,0,0,0,0,63009,0,0,0,0,0,0,0,0,0
500,11899,0,0,0,0,0,0,0,0,0,0,0,0,0,0,0,0,0,0,0,0,0,0,0,0,0,0,0,0,0,0,0,0,0,0,0
518,739,0,0,0,0,0,0,0,0,9999,0,0,0,0,0,0,0,0,0,0,0,0,0,0,0,0,0,0,0,0,0,0,0,0,0,0
519,447,0,0,0,0,0,0,0,0,0,0,0,0,0,0,0,0,0,0,0,0,0,0,0,0,0,0,0,0,0,0,0,0,0,0,0
520,100000,0,0,0,0,0,0,0,0,0,0,0,0,0,0,0,0,0,0,0,0,0,0,0,0,0,0,0,0,0,0,0,0,0,0,0
521,0,0,0,0,0,0,0,0,0,0,0,0,0,0,0,0,0,0,0,0,0,0,0,0,0,9000,0,0,0,0,0,0,0,0,0,0
533,17773,0,0,0,0,0,0,0,0,0,0,0,0,0,0,0,0,0,0,0,0,0,0,0,0,0,0,0,0,0,0,0,0,0,0,0
536,0,0,0,0,0,0,0,0,0,0,45454,0,0,0,0,0,0,0,0,0,0,0,0,0,0,0,0,0,0,0,0,0,0,0,0,0
542,5785,0,0,0,0,0,0,0,0,0,45454,0,0,0,0,0,0,0,0,0,0,0,0,0,0,0,0,0,0,0,0,0,0,0,0,0
545,0,0,0,0,0,0,0,0,0,9999,0,0,0,0,0,0,0,0,0,0,0,0,0,0,0,0,0,0,0,0,0,0,0,0,0,0
548,0,0,0,0,0,0,0,0,0,0,0,0,0,0,0,0,0,0,0,0,0,25000,0,0,0,0,0,0,0,0,0,0,0,0,0,0
550,0,0,0,0,0,0,0,0,0,0,0,0,0,0,0,0,0,0,0,0,0,25000,0,0,0,0,0,0,0,0,0,0,0,0,0,0
552,16882,0,0,0,0,0,0,0,0,0,0,0,0,0,0,0,0,0,0,0,0,0,0,0,0,0,0,0,0,0,0,0,0,0,0,0
553,5582,0,9999,0,0,0,0,0,0,0,0,0,0,0,0,0,0,9999,0,0,0,0,0,0,0,0,0,0,0,0,0,0,0,0,0,0
554,5364,0,0,0,0,0,0,0,0,0,0,0,0,0,0,0,0,0,0,0,0,0,0,0,0,0,0,0,0,0,0,0,0,0,0,0
562,0,0,0,0,0,643220,0,75164,0,0,45454,1000,0,495633,25000,0,0,0,0,298275,0,25000,0,0,0,0,63009,0,0,50000,0,0,562372,25000,562896,589367
564,3436,0,0,0,0,0,0,0,0,0,0,0,0,0,0,0,0,0,0,0,0,0,0,0,0,0,0,0,0,0,0,0,0,0,0,0
584,3799,0,0,0,0,0,0,0,0,0,0,0,0,0,0,0,0,0,0,0,0,0,0,0,0,0,0,0,0,0,0,0,0,0,0,0
588,100000,0,0,0,0,0,0,0,0,0,0,0,0,0,0,0,0,0,0,0,0,0,0,0,0,0,0,0,0,0,0,0,0,0,0,0
621,93,0,0,0,0,0,0,0,0,0,0,1000,0,0,0,0,0,0,0,0,0,0,0,0,0,0,0,0,0,0,0,0,0,0,0,0
622,0,0,0,0,0,0,0,0,0,9999,0,0,0,0,0,0,0,0,0,0,0,0,0,0,0,0,0,0,0,0,0,0,0,0,0,0
623,1187,0,0,0,0,0,0,0,0,0,0,0,0,0,0,0,0,0,0,0,0,0,0,0,10000,0,0,0,0,0,0,0,0,0,0,0
624,945,0,0,0,0,0,0,0,0,0,0,0,0,0,0,0,0,0,0,0,0,0,0,0,0,9000,0,0,0,0,0,0,0,0,0,0
630,8349,0,0,0,0,0,0,0,0,0,0,0,0,0,0,0,0,0,0,0,0,0,0,0,0,0,0,0,0,0,0,0,0,0,0,0
632,0,0,0,0,0,0,0,0,0,0,0,0,0,0,0,0,0,0,0,0,0,25000,0,0,0,9000,0,0,0,0,0,0,0,0,0,0
633,11557,0,0,0,0,0,0,0,0,0,0,0,0,0,0,0,0,0,0,0,0,0,0,0,0,0,0,0,0,0,0,0,0,0,0,0
636,4842,0,9999,0,0,0,0,0,0,0,0,0,0,0,0,0,0,9999,0,0,0,0,0,0,0,0,0,0,0,0,0,0,0,0,0,0
645,0,0,0,0,0,0,0,0,0,9999,0,0,0,0,0,0,0,0,0,0,0,0,0,0,0,0,0,0,0,0,0,0,0,0,0,0
654,2491,0,0,0,0,0,0,0,0,0,0,0,0,0,0,0,0,0,0,0,0,0,0,0,0,0,0,0,0,0,0,0,0,0,0,0
663,12588,0,0,0,0,0,0,0,0,0,0,0,0,0,0,0,0,0,0,0,0,0,0,0,0,0,0,0,0,0,0,0,0,0,0,0
666,0,0,9999,0,0,0,0,0,0,0,0,1000,0,0,0,0,0,9999,0,0,0,0,0,0,0,9000,0,0,0,0,0,0,0,0,0,0
669,0,0,9999,0,0,0,0,0,0,0,0,0,0,0,0,0,0,0,0,0,0,0,0,0,0,0,0,0,0,0,0,0,0,0,0,0
670,0,0,0,0,0,0,0,0,0,0,0,1000,0,0,0,0,0,9999,0,0,0,0,0,0,0,0,0,10000,0,0,0,0,0,0,0,0
672,0,0,0,0,0,0,0,0,0,0,0,0,0,0,0,0,10000,9999,0,0,0,0,0,0,0,0,0,0,0,0,0,0,0,0,0,0
680,9382,0,0,0,0,0,0,0,0,0,0,0,0,0,0,0,0,9999,0,0,0,0,0,0,0,0,0,0,0,0,0,0,0,0,0,0
714,0,0,0,0,0,0,0,0,0,0,0,0,0,0,0,0,0,0,0,0,0,0,0,0,10000,0,0,0,0,0,0,0,0,0,0,0
727,0,0,0,0,0,0,0,0,0,9999,0,0,0,0,0,50000,10000,9999,0,0,0,0,0,0,0,0,0,0,0,0,0,0,0,0,0,0
729,0,0,0,0,0,0,0,0,0,0,0,0,0,0,0,50000,0,0,0,0,0,0,0,0,0,0,0,0,0,0,0,0,0,0,0,0
730,0,0,0,0,0,0,0,0,0,0,0,0,0,0,0,0,0,0,0,0,0,0,0,0,10000,0,0,0,0,0,0,0,0,0,0,0
731,10291,0,0,1012,0,0,1033,0,0,0,0,0,0,0,0,0,0,0,0,0,0,0,0,862,0,9000,0,0,0,0,0,0,0,0,0,0
732,0,0,0,0,0,0,0,0,0,0,0,0,0,0,0,0,0,0,0,0,0,0,0,0,10000,0,0,0,0,0,0,0,0,0,0,0
738,0,0,0,0,0,0,0,0,0,0,0,1000,0,0,0,0,0,0,0,0,0,0,0,0,0,0,0,0,0,0,0,0,0,0,0,0
747,5486,0,0,0,0,0,0,0,0,0,0,0,10000,0,0,0,0,0,0,0,0,0,0,0,0,0,0,0,0,0,0,0,0,0,0,0
750,8660,0,0,0,0,0,0,0,0,0,0,0,0,0,0,0,0,0,0,0,0,0,0,0,0,0,0,0,0,0,0,0,0,0,0,0
769,0,0,0,0,0,0,0,0,0,0,0,0,0,0,0,0,10000,9999,0,0,0,0,0,0,0,0,0,0,0,50000,0,0,0,25000,0,0
770,4795,0,0,0,0,0,0,0,0,0,0,0,10000,0,0,0,0,0,0,0,0,0,0,0,0,0,0,0,0,0,0,0,0,0,0,0
777,0,0,0,0,10000,0,0,0,0,0,0,0,0,0,0,0,0,0,0,0,0,0,0,0,0,0,0,0,0,0,0,0,0,0,0,0
779,3443,0,0,0,0,0,0,0,0,0,0,0,0,0,0,0,0,0,0,0,0,0,0,0,0,9000,0,0,0,0,0,0,0,0,0,0
781,0,0,0,0,0,0,0,0,0,9999,0,0,0,0,0,0,0,0,0,0,0,0,0,0,0,0,0,0,0,0,0,0,0,0,0,0
782,3427,0,0,0,0,0,0,0,0,0,0,0,0,0,0,0,0,0,0,0,0,0,0,0,0,0,0,0,0,0,0,0,0,0,0,0
783,539,0,0,0,0,0,0,0,0,9999,0,0,0,0,0,0,0,0,0,0,0,0,0,0,0,9000,0,0,0,0,0,0,0,0,0,0
784,4270,0,0,0,0,0,0,0,0,0,0,1000,0,0,0,0,0,0,0,0,0,0,0,0,0,0,0,0,0,0,0,0,0,0,0,0
785,0,0,0,0,10000,0,0,0,0,0,0,0,0,0,0,0,0,0,0,0,0,0,0,0,0,0,0,0,0,0,0,0,0,0,0,0
786,0,0,0,0,0,0,0,0,0,0,0,0,0,0,0,0,0,9999,0,0,0,0,0,0,0,0,0,10000,0,0,0,0,0,0,0,0
803,4975,0,0,0,0,0,0,0,0,9999,0,0,0,0,0,0,0,0,0,0,0,0,0,0,0,9000,0,0,0,0,0,0,0,0,0,0
813,0,0,0,0,0,0,0,0,0,0,0,1000,0,0,0,0,0,0,0,0,0,0,0,0,0,0,0,0,0,0,0,0,0,0,0,0
817,0,0,0,0,0,0,0,0,0,0,0,0,0,0,0,0,0,0,0,0,0,0,0,0,0,0,0,0,0,50000,0,0,0,25000,0,0
821,0,0,0,0,0,0,0,0,0,9999,0,0,0,0,25000,0,0,0,0,298275,0,0,0,0,0,9000,63009,0,0,50000,0,0,0,25000,0,0
823,0,0,0,0,0,0,0,0,0,0,0,0,0,0,0,0,0,0,0,0,0,0,0,0,0,0,0,0,0,50000,0,0,0,25000,0,0
826,12044,0,0,0,0,0,0,0,0,0,0,0,0,0,0,0,0,0,0,0,0,0,0,0,0,0,0,0,0,0,0,0,0,0,0,0
833,0,0,0,0,0,0,0,0,0,9999,0,0,0,0,0,0,0,0,0,0,0,0,0,0,0,0,0,0,0,0,0,0,0,0,0,0
837,4664,0,0,0,0,0,0,0,0,0,0,0,0,0,0,0,0,9999,0,0,554110,0,0,0,0,0,0,10000,0,0,0,0,0,0,0,0
839,0,0,0,0,0,0,0,0,0,0,0,0,0,0,0,0,0,9999,0,0,0,0,0,0,0,0,0,0,0,0,0,9999,0,0,0,0
844,5848,0,0,0,0,0,0,0,0,0,0,0,0,0,0,0,0,0,0,0,0,0,0,0,0,0,0,0,0,0,0,0,0,0,0,0
851,1211,0,0,0,10000,0,0,0,0,0,0,0,0,0,0,0,0,0,0,0,554110,0,0,0,0,0,0,0,0,0,0,0,0,0,0,0
863,5759,0,0,1012,0,0,1033,0,0,0,0,0,0,0,0,0,10000,9999,0,0,0,0,0,862,0,0,0,0,0,0,0,0,0,0,0,0
870,5848,0,0,0,0,0,0,0,0,0,0,0,0,0,0,0,0,0,0,0,0,0,0,0,10000,0,0,0,0,0,0,0,0,0,0,0
873,5859,0,0,0,0,0,0,0,0,0,0,0,0,0,0,0,0,0,0,0,0,0,0,0,0,0,0,0,0,0,0,0,0,0,0,0
876,5903,0,0,0,0,0,0,0,0,0,0,0,0,0,0,0,0,0,0,0,0,0,0,0,0,0,0,0,0,0,0,0,0,0,0,0
880,0,0,0,0,0,0,0,0,0,9999,0,0,0,0,0,0,0,0,0,0,0,0,0,0,0,0,0,0,0,0,0,0,0,0,0,0
881,11753,0,0,0,0,0,0,0,0,0,0,0,0,0,0,0,0,0,0,0,0,0,0,0,0,0,0,0,0,0,0,0,0,0,0,0
894,5851,0,0,0,0,0,0,0,0,0,0,0,0,0,0,0,0,0,0,0,0,0,0,0,0,0,0,0,0,0,0,0,0,0,0,0
905,5732,0,0,0,0,0,0,0,0,0,0,0,0,0,0,0,0,0,0,0,0,0,0,0,0,0,0,0,0,0,0,0,0,0,0,0
907,5398,0,0,0,0,0,0,0,0,0,0,0,0,0,0,0,0,0,0,0,0,0,0,0,0,0,0,0,0,0,0,0,0,0,0,0
912,22944,0,0,1012,0,0,1033,0,0,0,0,0,0,0,0,0,0,0,0,0,0,0,0,862,0,0,0,0,0,0,0,0,0,0,0,0
913,0,0,0,1012,0,0,1033,0,0,0,0,0,0,0,0,0,0,9999,0,0,0,0,0,862,0,0,0,10000,0,0,0,0,0,0,0,0
915,5800,0,0,0,0,0,0,0,0,0,0,0,0,0,0,0,0,9999,0,0,0,0,0,0,0,0,0,10000,0,0,0,0,0,0,0,0
916,0,0,0,1012,0,0,1033,0,0,0,0,0,0,0,0,0,0,0,0,0,0,0,0,862,10000,0,0,0,0,0,0,0,0,0,0,0
920,451,0,0,0,0,0,0,0,0,0,0,0,0,0,0,0,0,0,0,0,0,0,0,0,0,0,0,0,0,0,0,0,0,0,0,0
921,5049,0,0,0,0,0,0,0,0,9999,0,0,0,0,0,0,0,0,0,0,0,0,0,0,0,0,0,0,0,0,0,0,0,0,0,0
940,0,0,0,0,0,0,0,0,0,9999,0,0,0,0,0,0,0,0,0,0,0,0,0,0,0,0,0,0,0,0,0,0,0,0,0,0
944,0,0,0,1012,0,0,1033,0,0,0,0,0,0,0,0,0,0,0,0,0,0,0,0,862,0,0,0,0,0,0,0,0,0,0,0,0
945,3852,0,0,1012,0,0,1033,0,0,0,0,0,0,0,0,0,0,0,0,0,0,0,0,862,0,0,0,0,0,0,0,0,0,0,0,0
948,0,0,0,0,0,0,0,0,0,9999,0,0,0,0,0,0,0,0,0,0,0,0,0,0,0,0,0,0,0,0,0,0,0,0,0,0
950,5454,0,0,0,0,0,0,0,0,0,0,0,0,0,0,0,0,0,0,0,0,0,0,0,0,0,0,0,0,0,0,0,0,0,0,0
959,0,0,0,0,0,0,0,0,0,0,0,1000,0,0,0,0,0,0,0,0,0,0,0,0,0,0,0,0,0,0,0,0,0,0,0,0
964,4761,0,0,0,0,0,0,0,0,0,0,0,0,0,0,0,0,0,0,0,0,0,0,0,0,0,0,0,0,0,0,0,0,0,0,0
979,0,0,0,0,0,0,0,0,0,0,0,0,10000,0,0,0,0,0,0,0,0,0,0,0,0,0,0,0,0,50000,0,0,0,25000,0,0
984,0,0,0,0,0,0,0,0,0,0,0,0,0,0,0,0,0,0,0,0,0,0,0,0,0,0,0,0,0,50000,0,0,0,25000,0,0
985,0,0,0,1012,10000,0,1033,0,0,0,0,0,0,0,0,0,0,0,0,0,0,0,0,862,0,0,0,0,0,0,0,0,0,0,0,0
986,0,0,0,0,0,0,0,0,0,0,0,0,0,0,0,0,10000,9999,0,0,0,0,0,0,0,0,0,0,0,0,0,0,0,0,0,0
995,5465,0,0,0,0,0,0,0,0,0,0,0,0,0,0,0,0,0,0,0,0,0,0,0,0,0,0,0,0,0,0,0,0,0,0,0
1018,0,0,0,0,0,0,0,0,0,0,0,0,0,0,0,0,0,9999,0,0,0,0,0,0,0,0,0,10000,0,0,0,0,0,0,0,0
1061,0,0,0,0,0,0,0,0,0,0,0,0,0,0,0,0,0,0,0,0,0,0,0,0,0,0,0,0,25000,0,0,0,0,0,0,0
1063,0,0,9999,1012,0,0,1033,0,0,0,0,0,0,0,25000,0,0,9999,0,298275,0,0,0,862,0,0,63009,0,25000,0,0,0,0,0,0,0
1076,0,0,0,4051,0,0,4133,0,0,9999,0,1000,0,0,0,0,0,0,0,0,0,0,0,3451,0,0,0,0,0,50000,0,0,0,25000,0,0
1085,11546,0,9999,1012,0,0,1033,0,0,0,0,0,0,0,0,0,0,9999,0,0,0,0,0,862,0,0,0,0,0,0,0,0,0,0,0,0
1092,5868,0,0,1012,0,0,1033,0,0,0,0,0,10000,0,0,0,0,0,0,0,0,0,0,862,0,9000,0,0,0,0,0,0,0,0,0,0
1094,0,0,0,1012,0,0,1033,0,0,0,0,0,0,0,0,0,0,9999,0,0,0,0,0,862,0,0,0,0,0,0,0,0,0,0,0,0
1096,5780,0,0,1012,0,0,1033,0,0,0,0,0,0,0,0,0,0,0,0,0,0,0,0,862,0,0,0,0,0,0,0,0,0,0,0,0
1098,0,0,9999,0,0,0,0,0,0,0,0,0,0,0,0,0,0,0,0,0,0,0,0,0,0,0,0,0,0,0,0,0,0,0,0,0
1100,5858,0,0,1012,0,0,1033,0,0,0,0,0,0,0,0,0,0,9999,0,0,0,0,0,862,0,0,0,10000,0,0,0,0,0,0,0,0
1102,0,0,0,1012,0,0,1033,0,0,0,0,0,0,0,0,0,0,0,0,0,0,0,0,862,0,0,0,0,0,0,0,0,0,0,0,0
1108,28,0,9999,1012,0,0,1033,0,0,0,0,0,0,0,0,0,0,9999,0,0,0,0,0,862,0,0,0,0,0,0,0,0,0,0,0,0
1172,0,0,0,1012,0,0,1033,0,0,0,0,0,0,0,0,0,0,0,0,0,0,0,9999,862,0,0,0,0,0,0,0,0,0,0,0,0
1206,4673,0,0,1012,0,0,1033,0,0,0,0,0,0,0,0,0,0,0,0,0,0,0,0,862,0,0,0,0,0,0,0,0,0,0,0,0
1219,8,0,0,2025,0,0,2066,0,0,0,0,0,0,0,0,0,0,0,0,0,0,0,0,1725,0,0,0,0,0,0,0,0,0,0,0,0
1229,9437,0,0,1012,0,0,1033,0,0,0,0,0,0,0,0,0,0,9999,0,0,0,0,0,862,0,0,0,10000,0,0,0,0,0,0,0,0
1231,0,0,0,1012,0,0,1033,0,0,0,0,0,0,0,0,0,0,0,0,0,0,0,0,862,0,0,0,0,0,0,0,0,0,0,0,0
1244,100000,0,0,0,0,0,0,0,0,0,0,0,0,0,0,0,0,0,0,0,0,0,0,0,0,0,0,0,0,0,0,0,0,0,0,0
1245,2501,0,0,1012,0,0,1033,0,0,0,0,0,0,0,0,0,0,0,0,0,0,0,0,862,0,0,0,0,0,0,0,0,0,0,0,0
1247,5454,0,0,1012,0,0,1033,0,0,0,0,0,0,0,0,0,0,0,0,0,0,0,0,862,0,0,0,0,0,0,0,0,0,0,0,0
1252,10047,0,0,0,0,0,0,0,0,0,0,0,0,0,0,0,0,0,0,0,0,0,0,0,0,0,0,0,0,0,0,0,0,0,0,0
1255,5240,0,0,1012,0,0,1033,0,11,0,0,0,0,0,0,0,0,0,1983,0,0,0,0,862,0,0,0,0,0,0,50596,0,0,0,0,0
1260,8704,0,0,0,0,0,0,0,0,9999,0,0,0,0,0,0,0,0,0,0,0,0,0,0,0,0,0,0,0,0,0,0,0,0,0,0
1261,0,0,0,0,0,0,0,0,0,0,0,0,0,0,0,0,0,0,0,0,554110,0,0,0,0,0,0,0,0,0,0,0,0,0,0,0
1264,100000,0,0,0,0,0,0,0,0,0,0,0,0,0,0,0,0,0,0,0,0,0,0,0,0,0,0,0,0,0,0,0,0,0,0,0
1270,2321,0,9999,0,0,643220,0,0,0,0,45454,0,0,495633,0,0,0,9999,0,0,0,0,0,0,0,0,0,0,0,0,0,0,562372,0,562896,589367
1276,5033,0,0,0,0,0,0,0,0,0,0,0,0,0,0,0,0,0,0,0,0,0,0,0,0,0,0,0,0,0,0,0,0,0,0,0
1280,0,25000,0,0,0,0,0,75164,0,0,0,1000,0,0,25000,0,0,0,0,298275,0,25000,0,0,0,9000,63009,0,0,0,0,0,0,0,0,0
1282,0,25000,0,0,0,643220,0,0,0,0,45454,1000,0,495633,25000,0,0,0,0,298275,0,0,0,0,0,0,63009,0,0,0,0,0,562372,0,562896,589367
1283,2114,0,0,0,0,0,0,0,0,0,0,0,0,0,0,0,0,0,0,0,0,0,0,0,0,0,0,0,0,0,0,0,0,0,0,0
1299,0,0,0,0,0,0,0,0,0,0,0,0,0,0,25000,0,0,0,0,298275,0,0,0,0,0,0,63009,0,0,0,0,0,0,0,0,0
1302,0,0,0,0,10000,0,0,0,0,0,0,0,0,0,0,0,0,0,0,0,0,0,0,0,0,0,0,0,0,0,0,0,0,0,0,0
1303,0,0,0,0,0,0,0,0,0,0,0,0,0,0,0,0,0,0,0,0,554110,0,0,0,0,0,0,0,0,0,0,0,0,0,0,0
1304,0,0,0,0,0,0,0,0,0,0,0,0,0,0,0,50000,0,0,0,0,0,0,0,0,0,0,0,0,0,0,0,0,0,0,0,0
1305,0,0,0,0,0,0,0,0,0,0,0,0,0,0,0,50000,0,0,0,0,0,0,0,0,0,0,0,0,0,0,0,0,0,0,0,0
1307,0,0,0,1012,0,0,1033,0,0,0,0,0,0,0,0,0,0,0,0,0,0,0,0,862,0,0,0,0,0,0,0,0,0,0,0,0
1308,0,0,9999,1012,0,0,1033,0,0,0,0,0,10000,0,0,50000,0,9999,0,0,0,0,0,862,0,0,0,0,0,0,0,0,0,0,0,0
1309,0,25000,0,0,0,0,0,0,0,0,0,0,0,0,25000,50000,0,0,0,298275,0,25000,0,0,0,0,63009,0,0,0,0,0,0,0,0,0
1311,0,25000,0,0,0,0,0,0,0,0,0,0,0,0,25000,0,0,0,0,298275,0,0,0,0,10000,0,63009,0,0,0,0,0,0,0,0,0
1313,0,25000,0,0,0,0,0,0,0,0,0,1000,0,0,25000,50000,0,0,0,298275,0,0,0,0,0,0,63009,0,0,0,0,0,0,0,0,0
1314,0,0,0,0,0,0,0,0,0,0,0,0,0,0,0,50000,0,9999,0,0,0,0,0,0,0,9000,0,0,0,0,0,9999,0,0,0,0
1318,0,25000,0,0,0,0,0,0,0,0,0,0,0,0,0,0,0,0,0,0,0,0,0,0,0,0,0,0,0,0,0,0,0,0,0,0
1328,8308,0,0,0,0,0,0,0,0,0,0,0,0,0,0,0,0,0,0,0,0,0,0,0,0,0,0,0,0,0,0,0,0,0,0,0
1334,0,0,0,0,0,0,0,0,0,0,0,0,0,0,0,50000,0,0,0,0,0,0,0,0,0,0,0,0,0,0,0,0,0,0,0,0
1336,0,0,0,0,0,0,0,0,0,0,0,0,0,0,0,50000,0,0,0,0,0,0,0,0,0,0,0,0,0,0,0,0,0,0,0,0
1348,4566,0,0,0,0,0,0,0,0,0,0,0,0,0,0,0,0,0,0,0,0,0,0,0,0,0,0,0,0,0,0,0,0,0,0,0
1349,4850,0,0,0,0,0,0,0,0,9999,0,0,0,0,0,0,0,0,0,0,0,0,0,0,0,0,0,0,0,0,0,0,0,0,0,0
1351,0,0,0,0,0,0,0,75164,0,9999,45454,0,0,0,25000,0,0,0,0,298275,0,0,0,0,0,0,63009,0,0,0,0,0,0,0,0,0
1352,0,0,0,1012,0,0,1033,0,0,0,0,0,0,0,0,0,0,0,0,0,0,25000,0,862,0,0,0,0,0,0,0,0,0,0,0,0
1358,4336,0,0,1012,0,0,1033,0,22,9999,0,0,0,0,0,0,0,0,3967,0,0,0,0,862,0,0,0,0,0,0,101192,0,0,0,0,0
1382,5532,0,0,0,0,0,0,0,0,0,0,0,0,0,0,0,0,0,0,0,0,0,0,0,0,0,0,0,0,0,0,0,0,0,0,0
1392,0,0,0,0,0,0,0,0,0,9999,0,0,0,0,0,0,0,0,0,0,0,25000,0,0,0,0,0,0,0,0,0,0,0,0,0,0
1393,0,0,0,0,0,0,0,0,0,9999,0,0,0,0,0,0,0,0,0,0,0,0,0,0,0,0,0,0,0,0,0,0,0,0,0,0
1396,0,0,0,0,0,0,0,0,0,9999,0,0,0,0,25000,0,0,9999,0,298275,0,25000,0,0,0,0,63009,0,0,0,0,9999,0,0,0,0
1404,1559,0,0,0,0,0,0,0,0,0,0,0,0,0,0,0,0,0,0,0,0,0,0,0,0,0,0,0,0,0,0,0,0,0,0,0
1413,5415,0,0,0,0,0,0,0,0,9999,0,0,0,0,0,0,0,0,0,0,0,0,0,0,0,0,0,0,0,0,0,0,0,0,0,0
1423,0,0,0,0,0,0,0,75164,0,0,45454,0,0,0,0,0,10000,9999,0,0,0,0,0,0,0,0,0,0,0,0,0,0,0,0,0,0
1428,3591,0,0,0,0,0,0,0,0,0,0,0,0,0,0,0,0,9999,0,0,0,0,0,0,0,0,0,10000,0,0,0,0,0,0,0,0
1452,8,0,0,0,0,0,0,0,0,0,0,0,0,0,0,0,10000,9999,0,0,0,0,0,0,0,0,0,0,0,0,0,0,0,0,0,0
1462,0,0,0,0,10000,0,0,0,0,0,0,0,0,0,0,0,0,0,0,0,0,0,0,0,0,0,0,0,0,0,0,0,0,0,0,0
1464,100000,0,0,0,0,0,0,0,0,0,0,0,0,0,0,0,0,0,0,0,0,0,0,0,0,0,0,0,0,0,0,0,0,0,0,0
1488,7989,0,0,0,0,0,0,0,0,0,0,0,0,0,0,0,0,0,0,0,0,0,0,0,0,0,0,0,0,0,0,0,0,0,0,0
1491,0,0,0,0,0,0,0,0,0,9999,0,0,0,0,0,0,0,0,0,0,0,0,0,0,0,0,0,0,0,0,0,0,0,0,0,0
1493,3997,0,0,0,0,0,0,0,0,9999,0,0,0,0,0,0,0,0,0,0,0,0,0,0,0,0,0,0,0,0,0,0,0,0,0,0
1496,0,0,0,0,0,0,0,0,0,0,0,0,0,0,0,0,0,9999,0,0,0,0,0,0,0,0,0,10000,0,0,0,0,0,0,0,0
1502,4950,0,0,0,0,0,0,0,0,0,0,0,0,0,0,0,0,0,0,0,0,0,0,0,10000,0,0,0,0,0,0,0,0,0,0,0
1511,4482,0,0,0,0,0,0,0,0,0,0,0,0,0,0,0,0,0,0,0,0,0,0,0,0,0,0,0,0,0,0,0,0,0,0,0
1513,5444,0,0,0,0,0,0,0,0,0,0,0,0,0,0,0,0,0,0,0,0,0,0,0,0,0,0,0,0,0,0,0,0,0,0,0
1515,4866,0,0,1012,0,0,1033,0,0,0,0,0,0,0,0,0,0,0,0,0,0,0,0,862,0,0,0,0,0,0,0,0,0,0,0,0
1517,0,0,0,0,0,0,0,0,0,0,0,0,10000,0,0,0,0,0,0,0,0,0,0,0,0,0,0,0,0,0,0,0,0,0,0,0
1520,0,0,0,1012,0,0,1033,0,0,0,0,0,0,0,25000,0,0,0,0,298275,0,0,0,862,0,9000,63009,0,0,0,0,0,0,0,0,0
1521,0,0,0,0,0,0,0,0,0,0,0,0,0,0,0,0,0,0,0,0,0,0,9999,0,0,0,0,0,0,0,0,0,0,0,0,0
1525,0,0,9999,1012,0,0,1033,0,0,0,0,0,0,0,0,0,0,9999,0,0,0,0,0,862,0,0,0,0,0,0,0,0,0,0,0,0
1538,839,0,0,0,0,0,0,0,0,9999,0,0,0,0,0,0,0,0,0,0,0,0,0,0,0,0,0,0,0,0,0,0,0,0,0,0
1542,381,0,0,0,0,0,0,0,0,0,0,0,0,0,0,0,0,0,0,0,0,0,0,0,0,0,0,0,0,0,0,0,0,0,0,0
1570,0,0,0,0,0,643220,0,0,0,0,45454,0,0,495633,0,0,0,0,0,0,0,0,0,0,0,0,0,0,0,0,0,0,562372,0,562896,589367
1575,5577,0,0,0,0,0,0,0,0,0,0,0,0,0,0,0,0,0,0,0,0,0,0,0,0,0,0,0,0,0,0,0,0,0,0,0
1579,0,0,0,0,0,0,0,0,0,0,0,0,0,0,0,0,0,0,0,0,0,0,0,0,0,0,0,0,25000,0,0,0,0,0,0,0
1580,0,0,0,1012,0,0,1033,0,11,0,0,0,0,0,0,0,0,0,1983,0,0,0,0,862,0,0,0,0,0,0,50596,0,0,0,0,0
1581,0,0,0,0,0,0,0,0,0,0,0,0,0,0,0,0,0,0,0,0,0,0,0,0,0,0,0,0,25000,0,0,0,0,0,0,0
1584,0,0,0,1012,0,0,1033,0,0,0,0,0,0,0,0,0,0,0,0,0,0,0,0,862,0,0,0,0,25000,0,0,0,0,0,0,0
1587,0,0,0,0,0,0,0,0,0,0,0,0,0,0,0,0,10000,9999,0,0,0,0,0,0,0,0,0,0,25000,0,0,0,0,0,0,0
1590,0,0,9999,0,0,0,0,0,0,0,0,0,0,0,0,0,0,9999,0,0,0,0,0,0,10000,0,0,0,25000,0,0,0,0,0,0,0
1596,0,0,0,1012,0,0,1033,0,0,0,0,0,0,0,25000,0,0,0,0,298275,0,0,0,862,0,0,63009,0,0,0,0,0,0,0,0,0
1597,0,0,0,1012,0,0,1033,0,11,0,0,0,0,0,0,0,0,0,1983,0,0,0,0,862,0,0,0,0,0,0,50596,0,0,0,0,0
1598,0,0,0,0,0,0,0,0,0,0,0,0,0,0,0,0,0,0,0,0,0,0,0,0,0,0,0,0,25000,0,0,0,0,0,0,0
1613,0,0,0,0,0,0,0,75164,0,0,0,0,0,0,0,0,0,0,0,0,0,0,0,0,0,0,0,0,25000,0,0,0,0,0,0,0
1623,0,0,0,0,0,0,0,0,0,0,0,0,0,0,0,0,0,0,0,0,0,0,0,0,0,0,0,0,25000,0,0,0,0,0,0,0
1624,13322,0,0,0,0,0,0,0,0,0,0,0,0,0,0,0,0,0,0,0,0,0,0,0,0,9000,0,0,0,0,0,0,0,0,0,0
1638,4970,0,0,0,0,0,0,0,0,0,0,0,0,0,0,0,0,0,0,0,0,0,0,0,0,0,0,0,0,0,0,0,0,0,0,0
1639,0,0,0,0,10000,0,0,75164,0,0,0,0,0,0,25000,0,0,0,0,298275,0,0,0,0,0,0,63009,0,0,0,0,0,0,0,0,0
1640,4769,0,0,0,0,0,0,0,0,0,0,0,0,0,0,0,0,0,0,0,0,0,0,0,0,0,0,0,0,0,0,0,0,0,0,0
1643,4688,0,0,0,0,0,0,0,0,0,0,0,0,0,0,0,0,9999,0,0,0,0,0,0,0,9000,0,10000,0,0,0,0,0,0,0,0
1660,0,0,0,0,0,0,0,0,0,0,0,0,0,0,25000,0,0,0,0,298275,0,0,0,0,0,0,63009,0,0,0,0,0,0,0,0,0
1680,2230,0,0,0,0,0,0,0,0,0,0,0,0,0,0,0,0,0,0,0,0,0,0,0,0,9000,0,0,0,0,0,0,0,0,0,0
1681,30385,0,0,0,0,0,0,0,0,9999,0,0,10000,0,0,0,0,0,0,0,0,0,0,0,0,0,0,0,0,0,0,0,0,0,0,0
1685,100000,0,0,0,0,0,0,0,0,0,0,0,0,0,0,0,0,0,0,0,0,0,0,0,0,0,0,0,0,0,0,0,0,0,0,0
1703,0,0,0,1012,0,0,1033,0,0,0,0,0,0,0,0,0,0,0,0,0,0,0,0,862,0,0,0,0,0,0,0,0,0,0,0,0
1711,4489,0,0,0,0,0,0,0,0,0,0,0,0,0,0,0,0,0,0,0,0,0,0,0,0,0,0,0,0,0,0,0,0,0,0,0
1717,0,25000,0,0,0,0,0,0,0,0,0,0,0,0,0,0,0,9999,0,0,0,0,0,0,0,0,0,0,0,0,0,9999,0,0,0,0
1718,0,25000,0,0,0,0,0,0,0,9999,0,0,0,0,0,0,0,0,0,0,0,0,0,0,0,9000,0,0,0,0,0,0,0,0,0,0
1719,0,25000,0,0,0,0,0,0,0,0,0,0,0,0,0,0,0,0,0,0,0,0,0,0,0,0,0,0,0,0,0,0,0,0,0,0
1727,0,25000,0,0,0,0,0,0,0,0,0,0,0,0,0,0,0,0,0,0,0,0,0,0,0,0,0,0,0,0,0,0,0,0,0,0
1736,5704,0,0,0,0,0,0,0,0,9999,0,0,0,0,0,0,0,0,0,0,0,0,0,0,0,0,0,0,0,0,0,0,0,0,0,0
1744,5477,0,0,0,0,0,0,0,0,0,0,0,0,0,0,0,0,0,0,0,0,0,0,0,0,0,0,0,0,0,0,0,0,0,0,0
1747,0,25000,0,0,0,0,0,0,0,0,0,0,0,0,25000,0,0,0,0,298275,0,0,0,0,0,0,63009,0,0,0,0,0,0,0,0,0
1764,0,0,0,0,0,0,0,0,0,0,0,0,0,0,0,0,10000,9999,0,0,0,0,0,0,0,0,0,0,0,0,0,0,0,0,0,0
1765,0,0,0,0,10000,0,0,0,0,0,0,0,0,0,0,0,0,0,0,0,0,0,0,0,0,0,0,0,0,0,0,0,0,0,0,0
1767,100000,0,0,0,0,0,0,0,0,0,0,0,0,0,0,0,0,0,0,0,0,0,0,0,0,0,0,0,0,0,0,0,0,0,0,0
1769,5856,0,0,0,0,0,0,0,0,0,0,0,0,0,0,0,0,9999,0,0,0,0,0,0,0,0,0,10000,0,0,0,0,0,0,0,0
1772,0,0,0,0,0,0,0,0,0,0,0,0,0,0,0,0,0,0,0,0,0,0,0,0,0,0,0,0,0,50000,0,0,0,25000,0,0
1773,102,0,0,0,0,0,0,0,0,0,0,0,0,0,0,0,0,0,0,0,0,0,9999,0,0,0,0,0,0,0,0,0,0,0,0,0
1836,0,0,9999,0,0,0,0,0,0,0,0,0,0,0,0,0,0,9999,0,0,0,0,0,0,0,0,0,0,0,0,0,0,0,0,0,0
1852,5668,0,0,0,0,0,0,0,0,0,0,0,0,0,0,0,0,0,0,0,0,0,0,0,0,0,0,0,0,0,0,0,0,0,0,0
1859,0,0,0,0,0,0,0,0,0,0,0,0,10000,0,0,0,0,0,0,0,0,0,0,0,0,0,0,0,0,50000,0,0,0,25000,0,0
1902,11099,0,0,0,0,0,0,0,0,0,0,0,10000,0,0,0,0,0,0,0,0,0,0,0,0,0,0,0,0,0,0,0,0,0,0,0
1911,0,0,0,0,0,0,0,0,0,0,0,0,10000,0,0,0,0,0,0,0,0,0,0,0,0,0,0,0,0,0,0,0,0,0,0,0
1930,3569,0,0,0,0,0,0,0,0,0,0,0,0,0,0,0,0,0,0,0,0,0,0,0,10000,0,0,0,0,0,0,0,0,0,0,0
2001,0,0,0,0,0,0,0,0,0,0,0,0,0,0,0,0,0,0,0,0,0,0,0,0,0,0,0,0,0,50000,0,0,0,25000,0,0
2020,0,0,0,0,0,0,0,0,0,9999,0,0,0,0,0,0,0,0,0,0,0,0,0,0,0,0,0,0,0,0,0,0,0,0,0,0
2021,5701,0,0,1012,0,0,1033,0,0,0,0,0,0,0,0,0,0,0,0,0,0,0,0,862,0,0,0,0,0,0,0,0,0,0,0,0
2047,29143,0,0,0,0,0,0,0,0,0,0,0,0,0,0,0,0,0,0,0,554110,0,0,0,0,0,0,0,0,0,0,0,0,0,0,0
2054,11239,0,0,0,0,0,0,0,0,0,0,0,0,0,0,0,0,0,0,0,0,0,0,0,10000,0,0,0,0,0,0,0,0,0,0,0
2057,0,0,9999,0,0,0,0,0,0,0,0,0,0,0,0,0,0,9999,0,0,0,0,0,0,0,0,0,0,0,0,0,0,0,0,0,0
2061,11158,0,0,0,0,0,0,0,0,0,0,0,0,0,0,0,0,0,0,0,0,0,0,0,0,0,0,0,0,0,0,0,0,0,0,0
2066,3251,0,0,0,0,0,0,0,0,0,0,0,0,0,0,0,0,0,0,0,0,0,0,0,0,0,0,0,0,0,0,0,0,0,0,0
2095,0,0,0,0,0,0,0,0,0,9999,0,0,0,0,0,0,0,0,0,0,0,0,0,0,0,0,0,0,0,0,0,0,0,0,0,0
2096,4477,0,0,0,0,0,0,0,0,9999,0,0,0,0,0,0,0,0,0,0,0,0,0,0,0,0,0,0,0,0,0,0,0,0,0,0
2097,0,0,0,0,0,0,0,0,0,9999,0,0,0,0,0,0,0,0,0,0,0,0,0,0,0,9000,0,0,0,0,0,0,0,0,0,0
2098,3184,0,0,0,0,0,0,0,0,0,0,0,10000,0,0,0,0,0,0,0,0,0,0,0,0,0,0,0,0,0,0,0,0,0,0,0
2099,1884,0,0,0,0,0,0,0,0,0,0,0,0,0,0,0,0,0,0,0,0,0,0,0,0,0,0,0,0,0,0,0,0,0,0,0
2100,1206,0,0,0,0,0,0,0,0,9999,0,0,0,0,0,0,0,0,0,0,0,0,0,0,0,0,0,0,0,0,0,0,0,0,0,0
2104,5529,0,0,0,10000,0,0,0,0,0,0,0,0,0,0,0,0,0,0,0,554110,0,0,0,0,0,0,0,0,0,0,0,0,0,0,0
2107,2159,0,0,0,0,0,0,0,0,9999,0,0,0,0,0,0,0,0,0,0,0,0,0,0,0,0,0,0,0,0,0,0,0,0,0,0
2109,0,0,0,0,0,0,0,0,0,9999,0,0,0,0,0,0,0,0,0,0,0,0,0,0,0,0,0,0,0,0,0,0,0,0,0,0
2110,3483,0,0,0,0,0,0,0,0,0,0,0,0,0,0,0,0,0,0,0,0,0,0,0,0,0,0,0,0,0,0,0,0,0,0,0
2111,4518,0,0,0,0,0,0,0,0,9999,0,0,0,0,0,0,0,0,0,0,0,0,0,0,0,0,0,0,0,0,0,0,0,0,0,0
2118,0,0,0,0,0,0,0,0,0,9999,0,0,0,0,0,0,0,0,0,0,0,0,0,0,0,0,0,0,0,0,0,0,0,0,0,0
2130,2678,0,0,0,0,0,0,0,0,0,0,0,0,0,0,0,0,9999,0,0,0,0,0,0,0,0,0,10000,0,0,0,0,0,0,0,0
2148,4645,0,0,0,0,0,0,0,0,0,0,0,0,0,0,0,0,0,0,0,0,0,0,0,0,0,0,0,0,0,0,0,0,0,0,0
2173,0,0,0,0,0,0,0,0,0,0,0,0,10000,0,0,0,0,0,0,298275,0,0,0,0,0,0,63009,0,0,0,0,0,0,0,0,0
2176,5576,0,0,0,10000,0,0,0,0,0,0,0,0,0,0,0,0,0,0,0,0,0,0,0,0,0,0,0,0,0,0,0,0,0,0,0
2180,0,0,9999,0,0,0,0,0,0,0,0,0,0,0,0,0,0,9999,0,0,0,0,0,0,0,0,0,0,0,0,0,0,0,0,0,0
2187,4564,0,0,0,0,0,0,0,0,0,0,0,0,0,0,0,0,0,0,0,0,0,0,0,0,0,0,0,0,0,0,0,0,0,0,0
2203,0,0,0,1012,0,0,1033,0,0,0,0,0,0,0,0,0,0,0,0,0,0,0,0,862,10000,0,0,0,0,0,0,0,0,0,0,0
2208,0,0,9999,1012,0,0,1033,0,0,0,0,0,0,0,0,0,0,9999,0,0,0,0,0,862,0,0,0,0,0,0,0,0,0,0,0,0
2209,0,0,0,0,0,0,0,0,0,9999,0,0,0,0,0,0,0,0,0,0,0,0,0,0,0,0,0,0,0,0,0,0,0,0,0,0
2214,0,0,0,0,0,0,0,0,0,0,0,0,0,0,0,0,0,9999,0,0,0,0,0,0,0,9000,0,10000,0,0,0,0,0,0,0,0
2223,11561,0,0,0,0,0,0,0,0,0,0,0,0,0,0,0,0,0,0,0,0,0,0,0,0,0,0,0,0,0,0,0,0,0,0,0
2224,0,0,0,0,0,0,0,0,0,0,0,0,0,0,0,0,0,0,0,0,0,0,0,0,10000,0,0,0,0,0,0,0,0,0,0,0
2234,5811,0,0,0,0,0,0,0,0,0,0,0,0,0,0,0,0,0,0,0,0,0,0,0,0,0,0,0,0,0,0,0,0,0,0,0
2238,26487,0,0,0,0,0,0,0,0,0,0,0,0,0,0,0,0,0,0,0,0,0,0,0,0,0,0,0,0,0,0,0,0,0,0,0
2242,15382,0,0,0,0,0,0,0,11,0,0,0,0,0,0,0,0,0,1983,0,0,0,0,0,0,0,0,0,0,0,50596,0,0,0,0,0
2246,0,0,0,0,0,0,0,0,0,0,45454,0,0,0,0,0,0,0,0,0,0,0,0,0,0,0,0,0,0,0,0,0,0,0,0,0
2261,5215,0,0,0,0,0,0,0,0,0,0,0,0,0,0,0,0,0,0,0,0,0,0,0,0,9000,0,0,0,0,0,0,0,0,0,0
2275,1149,0,0,0,0,0,0,0,0,0,0,0,0,0,0,0,0,0,0,0,0,0,0,0,0,0,0,0,0,0,0,0,0,0,0,0
2277,5896,0,0,0,0,0,0,0,0,0,0,0,0,0,0,0,0,9999,0,0,0,0,0,0,0,0,0,10000,0,0,0,0,0,0,0,0
2280,5214,0,0,0,0,0,0,0,0,0,0,0,0,0,0,0,0,0,0,0,0,0,9999,0,0,0,0,0,0,0,0,0,0,0,0,0
2285,5393,0,0,0,0,0,0,0,0,0,0,0,0,0,0,0,0,0,0,0,0,0,0,0,0,0,0,0,0,0,0,0,0,0,0,0
2296,11355,0,0,0,0,0,0,0,0,0,0,0,0,0,0,0,0,9999,0,0,0,0,0,0,0,0,0,0,0,0,0,9999,0,0,0,0
2317,2781,0,9999,0,0,0,0,0,0,0,0,0,0,0,0,0,0,9999,0,0,0,0,0,0,0,0,0,0,0,0,0,0,0,0,0,0
2322,9882,0,0,0,0,0,0,0,0,0,0,0,0,0,0,0,0,0,0,0,0,0,0,0,0,0,0,0,0,0,0,0,0,0,0,0
2336,0,0,0,0,0,0,0,0,0,0,0,0,0,0,0,0,0,0,0,0,0,0,9999,0,0,0,0,0,0,0,0,0,0,0,0,0
2337,0,0,0,0,0,0,0,0,0,0,0,0,0,0,0,0,0,0,0,0,0,0,0,0,0,9000,0,0,0,0,0,0,0,0,0,0
2350,0,0,0,0,0,0,0,0,0,0,0,0,0,0,0,0,0,0,0,0,0,0,0,0,0,0,0,0,0,50000,0,0,0,25000,0,0
2371,0,0,0,2025,0,0,2066,0,0,9999,0,0,0,0,0,0,0,0,0,0,0,0,0,1725,0,0,0,0,0,0,0,0,0,0,0,0
2421,3733,0,0,0,0,0,0,0,0,0,0,0,0,0,0,0,0,9999,0,0,0,0,0,0,0,0,0,10000,0,0,0,0,0,0,0,0
2424,5011,0,0,0,0,0,0,0,0,9999,0,0,0,0,0,0,0,0,0,0,0,0,0,0,0,0,0,0,0,0,0,0,0,0,0,0
2702,0,0,0,0,10000,0,0,0,0,0,0,0,0,0,0,0,0,0,0,0,0,0,0,0,0,0,0,0,0,0,0,0,0,0,0,0
2724,11736,0,0,0,0,0,0,0,0,0,0,0,0,0,0,0,0,0,0,0,0,0,0,0,0,0,0,0,0,0,0,0,0,0,0,0
2743,0,0,0,1012,0,0,1033,0,0,0,0,0,0,0,0,0,0,0,0,0,0,0,0,862,0,0,0,0,0,0,0,0,0,0,0,0
2746,0,0,0,0,0,0,0,0,0,0,0,0,0,0,0,0,10000,9999,0,0,0,0,0,0,0,0,0,0,0,0,0,0,0,0,0,0
2751,100000,0,0,0,0,0,0,0,0,0,0,0,0,0,0,0,0,0,0,0,0,0,0,0,0,0,0,0,0,0,0,0,0,0,0,0
4932,0,0,0,0,0,0,0,12527,11,0,0,0,0,0,0,0,0,0,1983,0,0,0,0,0,0,0,0,0,0,0,50596,0,0,0,0,0
5207,0,0,0,0,0,0,0,12527,0,0,0,0,0,0,0,0,0,0,0,0,0,0,0,0,0,0,0,0,0,0,0,0,0,0,0,0
5476,0,0,0,0,0,0,0,0,0,0,0,0,0,0,0,0,0,0,0,298275,0,0,0,0,0,0,63009,0,0,0,0,0,0,0,0,0
13373,0,0,0,0,0,0,0,0,0,0,0,1000,0,0,0,0,0,0,0,0,0,0,0,0,0,0,0,0,0,0,0,0,0,0,0,0
13769,17090,0,0,0,0,0,0,0,0,0,0,0,0,0,0,0,0,0,0,0,0,0,0,0,0,0,0,0,0,0,0,0,0,0,0,0
28025,5653,0,0,0,0,0,0,0,0,0,0,0,0,0,0,0,0,0,0,0,0,0,0,0,0,0,0,0,0,0,0,0,0,0,0,0
28037,1786,0,0,0,0,0,0,0,0,0,0,0,0,0,0,0,0,0,0,0,554110,0,0,0,0,0,0,0,0,0,0,0,0,0,0,0
28049,5875,0,0,0,0,0,0,0,11,0,0,0,0,0,0,0,0,0,1983,0,0,0,0,0,0,0,0,0,0,0,50596,0,0,0,0,0
28108,0,0,0,0,0,0,0,0,0,0,0,0,0,0,0,0,0,0,0,0,0,0,0,0,0,0,0,0,0,50000,0,0,0,25000,0,0
28110,7359,0,0,0,0,0,0,0,0,0,0,0,0,0,0,0,0,0,0,0,0,0,0,0,0,9000,0,0,0,0,0,0,0,0,0,0
28123,100000,0,0,0,0,0,0,0,0,0,0,0,0,0,0,0,0,0,0,0,0,0,0,0,0,0,0,0,0,0,0,0,0,0,0,0
28132,0,0,0,0,0,0,0,0,0,0,0,0,0,0,0,0,0,0,0,0,554110,0,0,0,0,0,0,0,0,50000,0,0,0,25000,0,0
28151,0,0,0,0,0,0,0,0,0,0,0,0,0,0,0,0,10000,9999,0,0,0,0,0,0,0,0,0,0,0,0,0,0,0,0,0,0
28173,100000,0,0,0,0,0,0,0,0,0,0,0,0,0,0,0,0,0,0,0,0,0,0,0,0,0,0,0,0,0,0,0,0,0,0,0
28227,1858,0,0,0,0,0,0,0,0,0,0,0,0,0,0,0,0,0,0,0,0,0,0,0,0,0,0,0,0,0,0,0,0,0,0,0
28229,0,0,0,0,0,0,0,0,0,0,0,1000,0,0,0,0,0,0,0,0,0,0,0,0,0,0,0,0,0,0,0,0,0,0,0,0
28232,0,0,0,1012,0,0,1033,0,0,0,0,0,0,0,0,0,0,0,0,0,0,0,0,862,0,0,0,0,0,0,0,0,0,0,0,0
28264,5847,0,0,0,0,0,0,0,0,0,0,0,0,0,0,0,0,0,0,0,0,0,0,0,10000,0,0,0,0,0,0,0,0,0,0,0
28447,0,0,0,0,0,0,0,0,0,0,0,0,0,0,0,0,0,0,0,0,0,0,0,0,0,0,0,0,0,50000,0,0,0,25000,0,0
28449,0,0,0,0,0,0,0,0,0,0,0,0,0,0,0,50000,0,0,0,0,0,0,0,0,0,0,0,0,0,0,0,0,0,0,0,0
28450,0,0,0,0,0,0,0,0,0,9999,0,0,0,0,0,0,10000,9999,0,0,0,0,0,0,0,0,0,0,0,0,0,0,0,0,0,0
28901,0,0,0,0,0,0,0,75164,0,0,0,0,0,0,0,0,0,0,0,0,0,0,0,0,0,0,0,0,0,50000,0,0,0,25000,0,0
28903,3327,0,0,0,0,0,0,0,0,0,0,0,0,0,0,0,0,0,0,0,0,0,0,0,0,0,0,0,0,0,0,0,0,0,0,0
29291,5482,0,0,1012,0,0,1033,0,0,0,0,0,0,0,0,0,0,0,0,0,0,0,0,862,0,0,0,0,0,0,0,0,0,0,0,0
29292,11631,0,0,0,0,0,0,0,0,9999,0,0,0,0,0,0,0,0,0,0,0,0,0,0,0,0,0,0,0,0,0,0,0,0,0,0
29303,9008,0,0,0,0,0,0,0,0,0,0,0,0,0,0,0,0,0,0,0,0,0,0,0,0,0,0,0,0,0,0,0,0,0,0,0
29323,0,0,0,0,0,0,0,0,0,9999,0,0,0,0,0,0,0,0,0,0,0,0,0,0,0,0,0,0,0,0,0,0,0,0,0,0
29385,2532,0,0,0,0,0,0,0,0,0,0,0,0,0,0,0,0,0,0,0,0,0,0,0,0,0,0,0,0,0,0,0,0,0,0,0
29405,5762,0,0,0,0,0,0,0,0,0,0,0,0,0,0,0,0,0,0,0,0,0,0,0,0,0,0,0,0,0,0,0,0,0,0,0
29438,0,0,0,0,0,0,0,0,0,0,0,0,0,0,0,0,0,0,0,0,0,25000,0,0,0,0,0,0,25000,0,0,0,0,0,0,0
29461,5,0,0,0,10000,0,0,0,0,9999,0,0,0,0,0,0,0,0,0,0,0,0,0,0,0,0,0,0,0,0,0,0,0,0,0,0
29466,0,0,0,0,0,0,0,0,0,0,0,0,0,0,0,0,0,0,0,0,554110,0,0,0,0,0,0,0,0,0,0,0,0,0,0,0
29488,5087,0,0,0,0,0,0,0,0,0,0,0,0,0,0,0,0,0,0,0,0,0,0,0,0,0,0,0,0,0,0,0,0,0,0,0
29494,100000,0,0,0,0,0,0,0,0,0,0,0,0,0,0,0,0,0,0,0,0,0,0,0,0,0,0,0,0,0,0,0,0,0,0,0
29501,5397,0,0,0,0,0,0,0,0,0,0,0,0,0,0,0,0,0,0,0,0,0,0,0,0,0,0,0,0,0,0,0,0,0,0,0
29519,30370,0,0,0,0,0,0,0,0,0,0,0,0,0,0,0,0,0,0,0,0,0,0,0,0,0,0,0,0,0,0,9999,0,0,0,0
29543,0,0,0,1012,0,0,1033,0,0,0,0,0,0,0,0,0,0,0,0,0,0,0,0,862,0,0,0,0,0,0,0,0,0,0,0,0
29546,16928,0,0,0,0,0,0,0,0,0,0,0,0,0,0,0,0,0,0,0,0,0,0,0,0,0,0,0,0,0,0,0,0,0,0,0
29549,11420,0,0,0,0,0,0,0,0,0,0,0,0,0,0,0,0,0,0,0,0,0,0,0,0,0,0,0,0,0,0,0,0,0,0,0
31909,5058,0,0,0,0,0,0,0,0,0,0,0,0,0,0,0,0,0,0,0,0,0,0,0,0,0,0,0,0,0,0,0,0,0,0,0
31998,39630,0,0,0,0,0,0,0,0,0,0,0,0,0,0,0,0,0,0,0,0,0,0,0,0,9000,0,0,0,0,0,0,0,0,0,0
32025,0,0,0,0,0,0,0,0,0,0,0,0,0,0,0,0,0,9999,0,0,0,0,0,0,0,0,0,0,0,0,0,9999,0,0,0,0
32046,246,0,0,1012,0,0,1033,0,0,9999,0,0,10000,0,0,0,0,0,0,0,0,0,0,862,0,0,0,0,0,0,0,0,0,0,0,0
32049,36850,0,0,0,0,0,0,0,0,0,0,0,0,0,0,0,0,0,0,0,0,0,0,0,0,0,0,0,0,0,0,0,0,0,0,0
33045,8091,0,0,0,0,0,0,0,0,0,0,0,0,0,0,0,0,0,0,0,0,0,0,0,0,0,0,0,0,0,0,0,0,0,0,0
33059,23580,0,0,0,0,0,0,0,0,0,0,0,0,0,0,0,0,0,0,0,0,0,0,0,0,0,0,0,0,0,0,0,0,0,0,0
33072,0,0,9999,0,0,0,0,0,0,0,0,0,0,0,0,0,0,9999,0,0,0,0,0,0,0,0,0,0,0,0,0,0,0,0,0,0
33075,5912,0,0,0,0,0,0,0,0,0,0,0,10000,0,0,0,0,0,0,0,0,0,0,0,0,0,0,0,0,0,0,0,0,0,0,0
33903,0,0,0,0,0,0,0,0,0,0,0,0,0,0,0,0,0,0,0,0,0,0,0,0,0,9000,0,0,0,0,0,0,0,0,0,0
33934,0,0,0,0,0,0,0,0,0,0,0,0,0,0,0,0,0,0,0,0,0,0,9999,0,0,0,0,0,0,0,0,0,0,0,0,0
33959,0,0,0,0,0,0,0,0,0,0,0,0,0,0,0,0,10000,9999,0,0,0,0,9999,0,0,0,0,0,25000,0,0,0,0,0,0,0
33996,0,0,0,0,0,0,0,0,0,9999,0,0,0,0,0,0,0,0,0,0,0,0,0,0,0,0,0,0,0,0,0,0,0,0,0,0
34021,5237,0,0,0,0,0,0,0,0,0,0,0,0,0,0,0,0,0,0,0,0,0,0,0,0,0,0,0,0,0,0,0,0,0,0,0
34029,4721,0,0,0,0,0,0,0,0,0,0,0,0,0,0,0,0,0,0,0,0,0,0,0,0,0,0,0,0,0,0,0,0,0,0,0
34073,0,0,0,0,0,0,0,0,0,0,0,0,0,0,0,0,0,0,0,0,0,0,0,0,10000,0,0,0,0,50000,0,0,0,25000,0,0
34085,4907,0,0,0,0,0,0,0,0,0,0,0,0,0,0,0,0,0,0,0,0,0,0,0,0,0,0,0,0,0,0,0,0,0,0,0
34090,5845,0,0,1012,0,0,1033,0,0,0,0,0,0,0,0,0,0,0,0,0,0,0,0,862,0,0,0,0,0,0,0,0,0,0,0,0
34105,3973,0,0,0,0,0,0,0,0,0,0,0,0,0,0,0,0,0,0,0,0,0,0,0,0,0,0,0,0,0,0,0,0,0,0,0
35554,5417,0,0,0,0,0,0,0,0,9999,0,0,0,0,0,0,0,0,0,0,0,0,0,0,0,0,0,0,0,0,0,0,0,0,0,0
35701,0,0,0,0,0,0,0,0,0,0,0,0,10000,0,0,0,0,0,0,0,0,0,0,0,0,0,0,0,0,0,0,0,0,0,0,0
35779,0,0,0,0,0,0,0,0,0,0,0,0,0,0,0,0,0,0,0,0,0,0,0,0,0,9000,0,0,0,0,0,0,0,0,0,0
35786,5773,0,0,0,0,0,0,0,0,0,0,0,0,0,0,0,0,0,0,0,0,0,0,0,0,0,0,0,0,0,0,0,0,0,0,0
35788,4437,0,0,0,0,0,0,0,0,0,0,0,0,0,0,0,0,0,0,0,0,0,0,0,0,0,0,0,0,0,0,0,0,0,0,0
35790,514,0,0,0,0,0,0,0,0,0,0,0,0,0,0,0,0,0,0,0,0,0,0,0,0,0,0,0,0,0,0,0,0,0,0,0
36809,0,0,0,0,0,0,0,0,0,0,0,1000,0,0,0,0,0,0,0,0,0,0,0,0,0,0,0,0,0,0,0,0,0,0,0,0
36855,0,0,0,0,0,0,0,0,0,0,0,0,0,0,0,0,0,0,0,0,0,0,9999,0,0,0,0,0,0,0,0,0,0,0,0,0
36861,0,0,0,1012,0,0,1033,0,0,0,0,0,0,0,0,0,0,0,0,0,0,0,0,862,0,0,0,0,0,0,0,0,0,0,0,0
36873,0,0,0,1012,0,0,1033,0,0,0,0,0,0,0,0,0,0,0,0,0,0,0,0,862,0,0,0,0,0,0,0,0,0,0,0,0
37326,0,0,0,0,0,0,0,0,0,0,0,0,0,0,0,0,0,0,0,0,0,0,0,0,0,0,0,0,0,50000,0,0,0,25000,0,0
37636,2735,0,0,0,0,0,0,0,0,9999,0,0,0,0,0,0,0,0,0,0,0,0,0,0,0,0,0,0,0,0,0,0,0,0,0,0
37692,2296,0,0,0,0,0,0,0,0,0,0,0,0,0,0,0,0,0,0,0,0,0,0,0,0,0,0,0,0,0,0,0,0,0,0,0
37734,0,0,0,0,0,0,0,0,0,0,0,0,0,0,0,0,0,0,0,0,0,25000,0,0,0,0,0,0,0,0,0,0,0,0,0,0
37919,0,0,0,0,0,0,0,0,0,0,0,0,0,0,0,0,0,0,0,0,0,0,0,0,0,0,0,0,0,50000,0,0,0,25000,0,0
38289,0,25000,0,0,0,0,0,0,0,9999,0,0,0,0,0,0,0,0,0,0,0,0,0,0,0,0,0,0,0,0,0,0,0,0,0,0
39485,15173,0,0,0,0,0,0,0,0,0,0,0,0,0,0,0,0,0,0,0,0,0,0,0,0,0,0,0,0,0,0,0,0,0,0,0
39645,4207,0,0,0,0,0,0,0,0,0,0,0,0,0,0,0,0,0,0,0,0,0,0,0,0,0,0,0,0,0,0,0,0,0,0,0
39765,0,0,0,1012,0,0,1033,0,0,0,0,0,0,0,0,0,0,0,0,0,0,0,0,862,0,0,0,0,0,0,0,0,0,0,0,0
39766,0,0,0,1012,0,0,1033,0,0,0,0,0,0,0,0,0,0,0,0,0,0,0,0,862,0,0,0,0,0,0,0,0,0,0,0,0
39778,0,0,0,0,0,0,0,0,0,0,0,0,0,0,0,50000,0,0,0,0,0,0,0,0,0,0,0,0,0,0,0,0,0,0,0,0
40137,5488,0,0,0,0,0,0,0,0,0,0,0,0,0,0,0,0,0,0,0,0,0,0,0,0,0,0,0,0,0,0,0,0,0,0,0
40269,0,0,0,0,0,0,0,0,0,0,0,1000,0,0,0,0,0,0,0,0,0,0,0,0,0,0,0,0,0,0,0,0,0,0,0,0
40324,0,0,0,0,0,0,0,0,0,9999,0,0,10000,0,0,0,0,0,0,0,0,25000,0,0,0,0,0,0,0,50000,0,0,0,25000,0,0
40542,2482,0,0,0,0,0,0,0,0,0,0,0,0,0,0,0,0,0,0,0,0,0,0,0,0,0,0,0,0,0,0,0,0,0,0,0
40567,4237,0,0,0,0,0,0,0,0,0,0,0,0,0,0,0,0,0,0,0,0,0,0,0,0,0,0,0,0,0,0,0,0,0,0,0
40576,5322,0,0,0,0,0,0,0,0,0,0,0,0,0,0,0,0,0,0,0,0,0,0,0,0,0,0,0,0,0,0,0,0,0,0,0
41431,13788,0,0,0,0,0,0,0,0,0,0,0,0,0,0,0,0,0,0,0,0,0,0,0,0,0,0,0,0,0,0,0,0,0,0,0
42443,0,0,0,0,0,0,0,0,0,0,0,0,0,0,0,0,0,0,0,0,0,0,0,0,0,0,0,0,25000,0,0,0,0,0,0,0
42838,11851,0,0,0,0,0,0,0,0,0,0,0,0,0,0,0,0,0,0,0,0,0,0,0,0,0,0,0,0,0,0,0,0,0,0,0
42862,11448,0,0,0,0,0,0,0,0,0,0,0,0,0,0,0,0,0,0,0,0,0,0,0,0,0,0,0,0,0,0,0,0,0,0,0
42879,4058,0,0,0,0,0,0,0,0,0,0,0,0,0,0,0,0,0,0,0,0,0,0,0,0,9000,0,0,0,0,0,0,0,0,0,0
43080,0,0,0,0,0,0,0,0,0,0,0,0,0,0,0,0,0,0,0,0,0,0,0,0,0,9000,0,0,0,0,0,0,0,0,0,0
43305,20462,0,0,0,0,0,0,0,0,0,0,0,0,0,0,0,0,0,0,0,0,0,0,0,0,0,0,0,0,0,0,0,0,0,0,0
43663,12398,0,0,0,0,0,0,0,0,0,0,0,0,0,0,0,0,0,0,0,0,0,0,0,0,9000,0,0,0,0,0,0,0,0,0,0
43669,4651,0,0,0,0,0,0,0,0,0,0,0,0,0,0,0,0,0,0,0,0,0,0,0,0,0,0,0,0,0,0,0,0,0,0,0
43674,5933,0,0,0,0,0,0,0,0,0,0,0,0,0,0,0,0,0,0,0,0,0,0,0,0,0,0,0,0,0,0,0,0,0,0,0
43675,0,0,0,0,0,0,0,0,0,9999,0,0,0,0,0,0,0,0,0,0,0,0,0,0,0,0,0,0,0,0,0,0,0,0,0,0
43687,5809,0,0,0,0,0,0,0,0,0,0,0,0,0,0,0,0,0,0,0,0,0,0,0,0,0,0,0,0,0,0,0,0,0,0,0
43767,5268,0,0,0,0,0,0,0,0,0,0,0,0,0,0,0,0,0,0,0,0,0,0,0,0,0,0,0,0,0,0,0,0,0,0,0
43771,0,25000,0,0,0,0,0,0,0,9999,0,0,0,0,0,0,0,0,0,0,0,0,0,0,0,0,0,0,0,0,0,0,0,0,0,0
43948,5647,0,0,0,0,0,0,0,0,0,0,0,0,0,0,0,0,0,0,0,0,0,0,0,0,0,0,0,0,0,0,0,0,0,0,0
43989,154,0,0,0,0,0,0,0,0,0,0,1000,0,0,0,0,0,0,0,0,0,0,0,0,0,9000,0,0,0,0,0,0,0,0,0,0
44001,2005,0,9999,1012,0,0,1033,0,0,0,0,0,0,0,0,0,0,9999,0,0,0,0,0,862,0,0,0,0,0,0,0,0,0,0,0,0
44449,7265,0,0,0,0,0,0,0,0,9999,0,0,0,0,0,0,0,0,0,0,0,0,0,0,0,0,0,0,0,0,0,0,0,0,0,0
45361,3485,0,0,0,0,0,0,0,0,9999,0,0,0,0,0,0,0,0,0,0,0,0,0,0,0,0,0,0,0,0,0,0,0,0,0,0
45663,11476,0,0,0,10000,0,0,0,0,0,0,0,0,0,0,0,0,0,0,0,0,0,0,0,0,0,0,0,0,0,0,0,0,0,0,0
46354,1313,0,0,0,0,0,0,0,0,0,0,0,0,0,0,0,0,0,0,0,0,0,0,0,0,0,0,0,0,0,0,0,0,0,0,0
46355,5939,0,0,0,0,0,0,0,0,0,0,0,0,0,0,0,0,0,0,0,0,0,0,0,0,0,0,0,0,0,0,0,0,0,0,0
46541,4067,0,0,0,0,0,0,0,0,9999,0,0,0,0,0,0,0,0,0,0,0,0,0,0,0,0,0,0,0,0,0,0,0,0,0,0
47715,0,0,0,0,0,0,0,0,0,0,0,0,0,0,0,0,0,0,0,0,0,0,0,0,0,0,0,0,25000,0,0,0,0,0,0,0
47770,0,0,0,0,0,0,0,0,0,9999,0,0,0,0,0,0,0,0,0,0,0,0,0,0,0,0,0,0,25000,0,0,0,0,0,0,0
47850,769,0,0,0,0,0,0,0,0,0,0,0,0,0,0,0,0,0,0,0,0,0,0,0,0,0,0,0,0,0,0,0,0,0,0,0
47880,2649,0,0,0,0,0,0,0,0,0,0,0,0,0,0,0,0,0,0,0,0,0,0,0,0,0,0,0,0,0,0,0,0,0,0,0
48935,0,0,0,1012,0,0,1033,0,0,0,0,0,0,0,0,0,0,0,0,0,0,0,0,862,0,0,0,0,0,0,0,0,0,0,0,0
49319,0,0,0,1012,0,0,1033,0,0,0,0,0,0,0,0,0,0,0,0,0,0,0,0,862,10000,0,0,0,0,0,0,0,0,0,0,0
49338,5727,0,0,1012,0,0,1033,0,0,0,0,0,0,0,0,0,0,0,0,0,0,0,0,862,0,0,0,0,0,0,0,0,0,0,0,0
50052,3107,0,0,0,0,0,0,0,0,0,0,0,0,0,0,0,10000,9999,0,0,0,0,0,0,0,0,0,0,0,0,0,0,0,0,0,0
51197,5684,0,0,0,0,0,0,0,0,0,0,0,0,0,0,0,0,0,0,0,0,0,0,0,0,0,0,0,0,0,0,0,0,0,0,0
51669,4997,0,0,0,0,0,0,0,0,0,0,0,0,0,0,0,0,0,0,0,0,0,0,0,0,0,0,0,0,0,0,0,0,0,0,0
52584,0,0,0,0,0,0,0,0,0,0,0,0,0,0,0,0,0,0,0,0,0,0,9999,0,0,0,0,0,0,0,0,0,0,0,0,0
52766,899,0,0,0,0,0,0,0,0,0,0,0,0,0,0,0,0,0,0,0,0,0,0,0,0,0,0,0,0,0,0,0,0,0,0,0
53346,100000,0,0,0,0,0,0,0,0,0,0,0,0,0,0,0,0,0,0,0,0,0,0,0,0,0,0,0,0,0,0,0,0,0,0,0
53358,0,0,0,0,0,0,0,0,0,9999,0,0,0,0,0,0,0,0,0,0,0,0,0,0,0,0,0,0,0,0,0,0,0,0,0,0
53435,2109,0,0,0,0,0,0,0,0,0,0,0,0,0,0,0,0,0,0,0,0,0,0,0,0,0,0,0,0,0,0,0,0,0,0,0
53461,5138,0,0,0,0,0,0,0,0,0,0,0,0,0,0,0,0,0,0,0,0,0,0,0,0,0,0,0,0,0,0,0,0,0,0,0
53946,17682,0,0,0,0,0,0,0,0,0,0,0,0,0,0,0,0,0,0,0,0,0,0,0,0,0,0,0,0,0,0,0,0,0,0,0
54120,5331,0,0,0,0,0,0,0,0,0,0,0,10000,0,0,0,0,0,0,0,0,0,0,0,0,0,0,0,0,0,0,0,0,0,0,0
54254,0,0,0,0,0,0,0,0,0,0,0,0,10000,0,0,0,0,0,0,0,0,0,0,0,0,0,0,0,0,0,0,0,0,0,0,0
54736,5051,0,0,0,0,0,0,0,0,0,0,0,0,0,0,0,0,0,0,0,0,0,0,0,0,0,0,0,0,0,0,0,0,0,0,0
55148,28676,0,0,0,0,0,0,0,0,0,0,0,0,0,0,0,0,0,0,0,0,0,0,0,0,0,0,0,0,0,0,0,0,0,0,0
55206,5262,0,0,0,0,0,0,0,0,0,0,0,0,0,0,0,10000,9999,0,0,0,0,0,0,0,0,0,0,0,0,0,0,0,0,0,0
55208,0,0,0,0,0,0,0,0,0,0,0,0,10000,0,0,0,0,0,0,0,0,0,0,0,0,0,0,0,0,0,0,0,0,0,0,0
55601,2031,0,0,0,0,0,0,0,0,0,0,0,0,0,0,0,0,0,0,0,0,0,0,0,0,0,0,0,0,0,0,0,0,0,0,0
55802,10442,0,0,0,0,0,0,0,0,0,0,0,0,0,0,0,10000,9999,0,0,0,0,0,0,0,0,0,0,0,0,0,0,0,0,0,0
56636,0,0,0,0,0,0,0,0,0,9999,0,0,0,0,0,0,0,0,0,0,0,0,0,0,0,0,0,0,0,0,0,0,0,0,0,0
56812,0,0,0,1012,0,0,1033,0,0,0,0,0,0,0,0,0,0,0,0,0,0,25000,0,862,0,0,0,0,0,0,0,0,0,0,0,0
57975,0,0,0,0,0,0,0,0,0,9999,0,0,0,0,0,0,0,0,0,0,0,0,0,0,0,9000,0,0,0,0,0,0,0,0,0,0
58138,0,0,0,0,0,0,0,0,0,9999,0,0,0,0,0,0,0,0,0,0,0,0,0,0,0,0,0,0,0,0,0,0,0,0,0,0
58180,5721,0,0,1012,0,0,1033,0,0,0,0,0,0,0,0,0,0,0,0,0,0,0,0,862,0,0,0,0,0,0,0,0,0,0,0,0
59600,4792,0,0,0,0,0,0,0,0,0,0,0,0,0,0,0,0,0,0,0,0,0,0,0,0,0,0,0,0,0,0,0,0,0,0,0
59754,0,0,0,0,10000,0,0,0,0,0,0,0,0,0,0,0,0,0,0,0,0,0,0,0,0,0,0,0,0,0,0,0,0,0,0,0
60217,5655,0,0,0,0,0,0,0,0,0,0,0,0,0,0,0,0,0,0,0,0,0,0,0,0,0,0,0,0,0,0,0,0,0,0,0
60478,5836,0,0,1012,0,0,1033,0,11,0,0,0,0,0,0,0,0,0,1983,0,0,0,0,862,0,0,0,0,0,0,50596,0,0,0,0,0
60480,2980,0,0,0,0,0,0,0,0,0,0,0,0,0,0,0,0,0,0,0,0,0,0,0,0,0,0,0,0,0,0,0,0,0,0,0
60481,8958,0,0,1012,0,0,1033,0,0,0,0,0,0,0,0,0,0,0,0,0,0,0,0,862,0,0,0,0,0,0,0,0,0,0,0,0
60552,28308,0,0,1012,0,0,1033,0,0,0,0,0,0,0,0,0,0,0,0,0,0,0,0,862,0,0,0,0,0,0,0,0,0,0,0,0
60890,0,0,0,0,0,0,0,0,0,0,0,0,0,0,0,0,0,0,0,0,0,0,0,0,0,0,0,0,25000,0,0,0,0,0,0,0
60893,5927,0,0,0,0,0,0,0,0,0,0,0,0,0,0,0,0,0,0,0,0,0,0,0,0,0,0,0,0,0,0,0,0,0,0,0
60961,5661,0,0,0,0,0,0,0,0,0,0,0,0,0,0,0,0,0,0,0,0,0,0,0,10000,0,0,0,0,0,0,0,0,0,0,0
61435,5760,0,0,0,0,0,0,0,0,9999,0,0,0,0,0,0,0,0,0,0,0,0,0,0,0,9000,0,0,0,0,0,0,0,0,0,0
61645,0,0,0,0,0,0,0,0,0,0,0,0,0,0,0,0,0,0,0,0,0,25000,0,0,0,0,0,0,0,0,0,0,0,0,0,0
62140,37663,0,0,0,0,0,0,0,0,0,0,0,0,0,0,0,0,0,0,0,0,0,0,0,0,0,0,0,0,0,0,0,0,0,0,0
62322,0,0,0,1012,0,0,1033,0,0,0,0,0,0,0,0,0,0,0,0,0,0,0,0,862,0,0,0,0,0,0,0,0,0,0,0,0
63186,5782,0,0,0,0,0,0,0,0,0,0,0,0,0,0,0,0,0,0,0,0,0,0,0,0,0,0,0,0,0,0,0,0,0,0,0
63612,22742,0,0,0,0,0,0,0,0,9999,0,0,0,0,0,0,0,0,0,0,0,0,0,0,0,0,0,0,0,0,0,0,0,0,0,0
64160,0,0,0,0,0,0,0,0,0,0,0,0,0,0,0,0,0,9999,0,0,0,0,0,0,0,0,0,10000,0,0,0,0,0,0,0,0
64471,5594,0,0,0,0,0,0,0,0,0,0,0,0,0,0,0,0,0,0,0,0,0,0,0,0,9000,0,0,0,0,0,0,0,0,0,0
64897,34477,0,0,0,0,0,0,0,0,0,0,0,0,0,0,0,0,0,0,0,0,0,0,0,0,0,0,0,0,0,0,0,0,0,0,0
65058,5816,0,0,0,0,0,0,0,0,0,0,0,0,0,0,0,0,0,0,0,0,0,0,0,0,0,0,0,0,0,0,0,0,0,0,0
66084,18,0,0,0,0,0,0,0,0,0,0,0,0,0,0,0,0,0,0,0,0,0,0,0,0,9000,0,0,0,0,0,0,0,0,0,0
66219,5179,0,0,0,0,0,0,0,0,0,0,1000,0,0,0,0,0,0,0,0,0,0,0,0,0,0,0,0,0,0,0,0,0,0,0,0
67825,0,0,0,0,0,0,0,0,0,9999,0,0,0,0,0,0,0,0,0,0,0,0,0,0,0,0,0,0,0,0,0,0,0,0,0,0
67854,0,0,0,1012,10000,0,1033,0,0,0,0,0,0,0,0,0,0,0,0,0,0,0,0,862,0,0,0,0,0,0,0,0,0,0,0,0
68280,0,0,0,0,0,0,0,0,0,0,0,0,0,0,0,0,0,0,0,0,0,0,0,0,0,0,0,0,0,50000,0,0,0,25000,0,0
68909,0,0,0,1012,0,0,1033,0,0,0,0,0,0,0,0,0,10000,9999,0,0,0,0,0,862,0,0,0,0,0,0,0,0,0,0,0,0
69499,0,0,0,0,0,0,0,0,0,9999,0,0,0,0,0,0,0,0,0,0,0,0,0,0,0,0,0,0,0,0,0,0,0,0,0,0
69525,12835,0,0,0,0,0,0,0,0,0,0,0,0,0,0,0,0,0,0,0,0,0,0,0,0,0,0,0,0,0,0,0,0,0,0,0
69823,0,0,0,0,0,0,0,0,0,0,0,0,0,0,0,0,0,0,0,0,0,0,9999,0,0,0,0,0,0,0,0,0,0,0,0,0
69966,37445,0,0,0,0,0,0,0,0,0,0,0,0,0,0,0,10000,9999,0,0,0,0,0,0,0,0,0,0,0,0,0,0,0,0,0,0
70864,5650,0,0,0,0,0,0,0,0,0,0,0,0,0,0,0,0,0,0,0,0,0,0,0,0,0,0,0,0,0,0,0,0,0,0,0
71667,10960,0,0,0,0,0,0,0,0,0,0,0,0,0,0,0,0,0,0,0,0,0,0,0,0,0,0,0,0,0,0,0,0,0,0,0
73913,0,0,0,0,0,0,0,0,0,0,0,0,0,0,0,0,0,0,0,0,0,0,9999,0,0,0,0,0,0,0,0,0,0,0,0,0
74109,53658,0,0,0,0,0,0,0,0,0,0,0,0,0,0,0,0,0,0,0,0,0,0,0,0,0,0,0,0,0,0,0,0,0,0,0
74313,5326,0,0,0,10000,0,0,0,0,0,0,0,0,0,0,0,0,0,0,0,0,0,0,0,0,0,0,0,0,0,0,0,0,0,0,0
74318,0,0,0,0,0,0,0,0,0,0,0,0,0,0,0,0,0,0,0,0,0,0,0,0,0,0,0,0,25000,0,0,0,0,0,0,0
78331,1191,0,0,0,0,0,0,0,0,0,0,0,0,0,0,0,0,0,0,0,0,0,0,0,0,0,0,0,0,0,0,0,0,0,0,0
78587,23716,0,0,0,0,0,0,0,0,0,0,0,0,0,0,0,0,0,0,0,0,0,0,0,0,0,0,0,0,0,0,0,0,0,0,0
79209,5147,0,0,0,0,0,0,0,0,0,0,0,0,0,0,0,0,0,0,0,0,0,0,0,0,0,0,0,0,0,0,0,0,0,0,0
79329,0,0,9999,0,0,0,0,0,0,0,0,0,0,0,0,0,0,9999,0,0,0,0,0,0,0,0,0,0,0,0,0,0,0,0,0,0
79885,12343,0,0,0,0,0,0,0,0,0,0,0,0,0,0,0,0,0,0,0,0,0,0,0,0,0,0,0,0,0,0,0,0,0,0,0
79967,20083,0,0,0,0,0,0,0,0,0,0,0,0,0,0,0,0,0,0,0,0,0,0,0,0,0,0,0,0,0,0,0,0,0,0,0
80816,5356,0,0,0,0,0,0,0,0,0,0,0,0,0,0,0,0,0,0,0,0,0,0,0,0,0,0,0,0,0,0,0,0,0,0,0
80849,4694,0,0,0,0,0,0,0,0,0,0,0,0,0,0,0,0,0,0,0,0,0,0,0,0,0,0,0,0,0,0,0,0,0,0,0
80866,0,0,9999,0,0,0,0,0,0,0,0,0,0,0,0,0,0,9999,0,0,0,0,0,0,0,0,0,0,0,0,0,0,0,0,0,0
80867,0,0,0,0,0,0,0,0,0,0,0,0,0,0,0,0,0,9999,0,0,0,0,0,0,0,0,0,0,0,0,0,9999,0,0,0,0
80869,3935,0,0,0,0,0,0,0,0,0,0,0,0,0,0,0,0,0,0,0,0,0,0,0,0,0,0,0,0,0,0,0,0,0,0,0
81028,5856,0,0,0,0,0,0,0,0,0,0,0,0,0,0,0,0,0,0,0,0,0,0,0,0,0,0,0,0,0,0,0,0,0,0,0
81462,5827,0,0,0,10000,0,0,0,0,0,0,0,0,0,0,0,0,0,0,0,0,0,0,0,0,0,0,0,0,0,0,0,0,0,0,0
81468,5749,0,0,0,0,0,0,0,0,0,0,0,0,0,0,0,0,0,0,0,0,0,0,0,0,0,0,0,0,0,0,0,0,0,0,0
82996,9983,0,0,0,0,0,0,0,0,0,0,0,0,0,0,0,0,0,0,0,0,0,0,0,0,0,0,0,0,0,0,0,0,0,0,0
83171,7392,0,0,0,0,0,0,0,0,0,0,0,0,0,0,0,0,9999,0,0,0,0,0,0,0,0,0,0,0,0,0,9999,0,0,0,0
83555,4708,0,0,0,0,0,0,0,0,0,0,0,0,0,0,0,0,0,0,0,0,0,0,0,0,0,0,0,0,0,0,0,0,0,0,0
83556,10456,0,0,0,0,0,0,0,0,0,0,0,0,0,0,0,0,0,0,0,0,0,0,0,0,0,0,0,0,0,0,0,0,0,0,0
83557,0,0,0,0,0,0,0,0,0,0,0,0,0,0,0,0,0,0,0,0,0,0,0,0,0,9000,0,0,0,0,0,0,0,0,0,0
83558,5633,0,0,0,0,0,0,0,0,0,0,0,0,0,0,0,0,0,0,0,0,0,0,0,0,0,0,0,0,0,0,0,0,0,0,0
83560,10918,0,0,0,0,0,0,0,0,0,0,0,0,0,0,0,0,0,0,0,0,0,0,0,0,0,0,0,0,0,0,0,0,0,0,0
83984,5786,0,0,0,0,0,0,0,0,0,0,0,0,0,0,0,0,0,0,0,0,0,0,0,0,0,0,0,0,0,0,0,0,0,0,0
84110,5891,0,0,0,0,0,0,0,0,0,0,0,0,0,0,0,0,0,0,0,0,0,0,0,0,0,0,0,0,0,0,0,0,0,0,0
84112,0,0,0,0,0,0,0,0,0,0,0,0,0,0,0,0,0,0,0,0,0,0,9999,0,0,0,0,0,0,0,0,0,0,0,0,0
84156,11431,0,0,0,0,0,0,0,0,0,0,0,0,0,0,0,0,0,0,0,0,0,0,0,0,0,0,0,0,0,0,0,0,0,0,0
84377,2219,0,0,0,0,0,0,0,0,0,0,0,0,0,0,0,0,0,0,0,0,0,0,0,0,0,0,0,0,0,0,0,0,0,0,0
84378,2563,0,0,0,0,0,0,0,0,0,0,0,0,0,0,0,0,0,0,0,0,0,0,0,0,0,0,0,0,0,0,0,0,0,0,0
84405,5134,0,0,0,0,0,0,0,0,0,0,0,0,0,0,0,0,0,0,0,0,0,0,0,0,0,0,0,0,0,0,0,0,0,0,0
84588,1665,0,0,0,0,0,0,0,0,0,0,0,0,0,0,0,0,0,0,0,0,0,0,0,0,0,0,0,0,0,0,0,0,0,0,0
84590,5377,0,0,0,0,0,0,0,0,0,0,0,0,0,0,0,0,0,0,0,0,0,0,0,0,0,0,0,0,0,0,0,0,0,0,0
84595,100000,0,0,0,0,0,0,0,0,0,0,0,0,0,0,0,0,0,0,0,0,0,0,0,0,0,0,0,0,0,0,0,0,0,0,0
84599,5349,0,0,0,0,0,0,0,0,0,0,0,0,0,0,0,0,0,0,0,0,0,0,0,0,0,0,0,0,0,0,0,0,0,0,0
84757,0,0,0,0,0,0,0,0,0,0,0,0,0,0,0,0,0,0,0,0,0,0,9999,0,0,0,0,0,0,0,0,0,0,0,0,0
84980,0,0,0,0,0,0,0,0,0,0,0,0,0,0,0,0,0,9999,0,0,0,0,0,0,0,0,0,0,0,0,0,9999,0,0,0,0
85643,5359,0,0,0,0,0,0,0,0,0,0,0,0,0,0,0,0,0,0,0,0,0,0,0,0,0,0,0,0,0,0,0,0,0,0,0
85701,0,0,0,0,0,0,0,0,0,0,0,0,10000,0,0,0,0,0,0,0,0,0,0,0,0,0,0,0,0,0,0,0,0,0,0,0
86170,5926,0,0,0,0,0,0,0,0,0,0,0,0,0,0,0,0,0,0,0,0,0,0,0,0,0,0,0,0,0,0,0,0,0,0,0
86304,5903,0,0,1012,0,0,1033,0,0,0,0,0,0,0,0,0,0,0,0,0,0,0,0,862,0,0,0,0,0,0,0,0,0,0,0,0
86665,1967,0,0,0,0,0,0,0,0,9999,0,0,0,0,0,0,0,0,0,0,0,0,0,0,0,0,0,0,0,0,0,0,0,0,0,0
87883,0,0,0,0,0,0,0,0,0,0,0,1000,0,0,0,0,0,0,0,0,0,0,0,0,0,0,0,0,0,0,0,0,0,0,0,0
88058,5823,0,0,0,0,0,0,0,0,0,0,0,0,0,0,0,0,0,0,0,0,0,0,0,0,0,0,0,0,0,0,0,0,0,0,0
88688,0,0,0,0,0,0,0,0,0,9999,0,0,0,0,0,0,0,0,0,0,0,0,0,0,0,0,0,0,0,50000,0,0,0,25000,0,0
89154,0,25000,0,0,0,0,0,0,0,0,0,0,0,0,0,0,0,0,0,0,0,0,0,0,0,0,0,0,0,0,0,0,0,0,0,0
89184,11209,0,0,0,0,0,0,0,0,0,0,0,0,0,0,0,0,0,0,0,0,0,0,0,0,0,0,0,0,0,0,0,0,0,0,0
93466,5328,0,0,0,0,0,0,0,0,0,0,0,0,0,0,0,0,0,0,0,0,0,0,0,0,0,0,0,0,0,0,0,0,0,0,0
93929,0,0,0,0,10000,0,0,0,0,0,0,0,0,0,0,0,0,0,0,0,0,0,0,0,0,0,0,0,0,0,0,0,0,0,0,0
93930,663,0,0,0,0,0,0,0,0,0,0,0,0,0,0,0,0,0,0,0,0,0,9999,0,0,0,0,0,0,0,0,0,0,0,0,0
94122,6201,0,0,1012,0,0,1033,0,0,0,0,0,0,0,0,0,0,0,0,0,0,0,0,862,0,0,0,0,0,0,0,0,0,0,0,0
94254,0,0,0,0,0,0,0,0,0,0,0,0,0,0,0,0,0,0,0,0,0,0,0,0,0,0,0,0,0,50000,0,0,0,25000,0,0
95486,0,0,0,2025,0,0,2066,0,0,0,0,0,0,0,0,0,0,0,0,0,0,0,0,1725,10000,0,0,0,0,50000,0,0,0,25000,0,0
96345,0,0,0,0,0,0,0,0,0,0,0,0,0,0,0,0,0,0,0,0,0,0,0,0,0,0,0,0,0,50000,0,0,0,25000,0,0
97084,10905,0,0,0,0,0,0,0,0,0,0,0,0,0,0,0,0,0,0,0,0,0,0,0,0,0,0,0,0,0,0,0,0,0,0,0
97393,5126,0,0,1012,0,0,1033,0,0,0,0,0,0,0,0,0,0,0,0,0,0,0,0,862,0,0,0,0,0,0,0,0,0,0,0,0
100379,349,0,0,0,0,0,0,0,0,0,0,0,0,0,0,0,0,0,0,0,0,0,0,0,0,0,0,0,0,0,0,0,0,0,0,0
100716,5848,0,0,0,0,0,0,0,0,0,0,0,0,0,0,0,0,0,0,0,0,0,0,0,0,0,0,0,0,0,0,0,0,0,0,0
103690,36234,0,0,0,0,0,0,0,0,0,0,0,0,0,0,0,0,0,0,0,0,0,0,0,0,0,0,0,0,0,0,0,0,0,0,0
105560,0,0,0,0,0,0,0,0,0,0,0,0,0,0,0,0,0,0,0,0,0,0,9999,0,0,0,0,0,0,0,0,0,0,0,0,0
106370,0,0,0,1012,0,0,1033,0,0,0,0,0,0,0,0,0,0,0,0,0,0,0,0,862,0,9000,0,0,0,0,0,0,0,0,0,0
106590,7472,0,0,0,0,0,0,0,0,0,0,0,0,0,0,0,0,0,0,0,0,0,0,0,0,0,0,0,0,0,0,0,0,0,0,0
107709,0,0,0,0,0,0,0,0,0,9999,0,0,0,0,0,0,0,0,0,0,0,0,0,0,0,0,0,0,0,50000,0,0,0,0,0,0
108150,1098,0,0,0,0,0,0,0,0,0,0,0,0,0,0,0,0,0,0,0,0,0,0,0,0,0,0,0,0,0,0,0,0,0,0,0
110500,0,0,0,0,0,0,0,0,0,9999,0,0,0,0,0,0,0,0,0,0,0,0,0,0,0,0,0,0,0,0,0,0,0,0,0,0
110539,1649,0,0,0,0,0,0,0,0,0,0,0,0,0,0,0,0,0,0,0,0,0,0,0,0,0,0,0,0,0,0,0,0,0,0,0
110662,0,0,0,0,0,0,0,0,0,0,0,1000,0,0,0,0,0,0,0,0,0,0,0,0,0,0,0,0,0,0,0,0,0,0,0,0
111501,5661,0,0,0,0,0,0,0,0,0,0,0,0,0,0,0,0,0,0,0,0,0,0,0,0,0,0,0,0,0,0,0,0,0,0,0
114615,0,0,0,0,0,0,0,0,0,0,0,0,0,0,0,0,0,0,0,0,0,0,0,0,0,9000,0,0,0,0,0,0,0,0,0,0
114616,46160,0,0,0,0,0,0,0,0,0,0,0,0,0,0,0,0,0,0,0,0,0,0,0,0,0,0,0,0,0,0,0,0,0,0,0
117207,9417,0,0,1012,0,0,1033,0,0,0,0,0,0,0,0,0,0,0,0,0,0,0,0,862,0,0,0,0,0,0,0,0,0,0,0,0
117575,2354,0,0,0,0,0,0,0,0,0,0,0,0,0,0,0,0,0,0,0,0,0,0,0,0,0,0,0,0,0,0,0,0,0,0,0
118000,5683,0,0,0,0,0,0,0,0,0,0,0,0,0,0,0,0,0,0,0,0,0,0,0,0,0,0,0,0,0,0,0,0,0,0,0
118562,100000,0,0,0,0,0,0,0,0,0,0,0,0,0,0,0,0,0,0,0,0,0,0,0,0,0,0,0,0,0,0,0,0,0,0,0
119219,10641,0,0,0,10000,0,0,0,0,0,0,0,0,0,0,0,0,0,0,0,0,0,0,0,0,0,0,0,0,0,0,0,0,0,0,0
119394,5625,0,0,0,0,0,0,0,0,0,0,0,0,0,0,0,0,0,0,0,0,0,0,0,0,0,0,0,0,0,0,0,0,0,0,0
119484,5910,0,0,1012,0,0,1033,0,0,9999,0,0,0,0,0,0,0,0,0,0,0,0,0,862,0,0,0,0,0,0,0,0,0,0,0,0
119864,5851,0,0,0,0,0,0,0,0,0,0,0,0,0,0,0,0,0,0,0,0,0,0,0,0,0,0,0,0,0,0,0,0,0,0,0
120576,3528,0,0,0,0,0,0,0,0,0,0,0,0,0,0,0,0,0,0,0,0,0,0,0,0,0,0,0,0,0,0,0,0,0,0,0
120962,0,0,0,0,0,0,0,0,0,0,0,0,0,0,0,0,0,0,0,0,0,0,0,0,10000,0,0,0,0,0,0,0,0,0,0,0
121277,0,0,0,0,0,0,0,0,0,0,0,0,0,0,0,0,0,9999,0,0,0,0,0,0,0,0,0,0,0,0,0,9999,0,0,0,0
126740,665,0,0,0,0,0,0,0,0,0,0,0,0,0,0,0,0,0,0,0,0,0,0,0,0,0,0,0,0,0,0,0,0,0,0,0
129958,3092,0,0,0,0,0,0,0,0,9999,0,0,0,0,0,0,0,0,0,0,0,0,0,0,0,0,0,0,0,0,0,0,0,0,0,0
131568,0,0,0,1012,0,0,1033,0,0,0,0,0,0,0,0,0,0,9999,0,0,0,0,0,862,0,0,0,0,0,0,0,9999,0,0,0,0
133539,11824,0,0,0,0,0,0,0,0,9999,0,0,0,0,0,0,0,0,0,0,0,0,0,0,0,0,0,0,0,0,0,0,0,0,0,0
135577,3652,0,0,0,0,0,0,0,0,0,0,0,0,0,0,0,0,0,0,0,0,0,0,0,0,0,0,0,0,0,0,0,0,0,0,0
136609,11667,0,0,0,10000,0,0,0,0,0,0,0,0,0,0,0,0,0,0,0,0,0,0,0,0,0,0,0,0,0,0,0,0,0,0,0
138072,10997,0,0,0,0,0,0,0,0,0,0,0,0,0,0,0,0,0,0,0,0,0,0,0,0,0,0,0,0,0,0,0,0,0,0,0
143361,4706,0,0,0,0,0,0,0,0,0,0,0,0,0,0,0,0,0,0,0,0,0,0,0,0,0,0,0,0,0,0,0,0,0,0,0
146786,5599,0,0,0,0,0,0,0,0,0,0,0,0,0,0,0,0,0,0,0,0,0,0,0,0,0,0,0,0,0,0,0,0,0,0,0
146826,5830,0,0,0,0,0,0,0,0,0,0,0,0,0,0,0,0,0,0,0,0,0,0,0,0,0,0,0,0,0,0,0,0,0,0,0
146919,0,0,0,0,0,0,0,0,0,0,0,0,0,0,0,0,0,0,0,0,0,0,0,0,0,0,0,0,0,50000,0,0,0,25000,0,0
146939,5105,0,0,0,0,0,0,0,0,0,0,0,0,0,0,0,0,0,0,0,0,0,0,0,0,0,0,0,0,0,0,0,0,0,0,0
148447,0,0,0,0,0,0,0,0,0,9999,0,0,0,0,0,0,0,0,0,0,0,0,0,0,0,0,0,0,0,0,0,0,0,0,0,0
149715,6834,0,0,0,0,0,0,0,0,0,0,0,0,0,0,0,0,0,0,0,0,0,0,0,0,0,0,0,0,0,0,0,0,0,0,0
150340,1908,0,0,0,0,0,0,0,0,0,0,0,0,0,0,0,0,0,0,0,0,0,0,0,0,0,0,0,0,0,0,0,0,0,0,0
151895,0,0,0,0,0,0,0,0,0,0,0,0,0,0,0,0,0,9999,0,0,0,0,0,0,0,0,0,10000,0,50000,0,0,0,25000,0,0
152260,5953,0,0,0,0,0,0,0,0,0,0,0,0,0,0,0,0,9999,0,0,0,0,0,0,0,0,0,0,0,0,0,9999,0,0,0,0
152480,0,0,0,1012,0,0,1033,0,0,0,0,0,0,0,0,0,10000,9999,0,0,0,0,0,862,0,0,0,0,0,0,0,0,0,0,0,0
155077,5868,0,0,0,0,0,0,0,0,0,0,0,0,0,0,0,0,0,0,0,0,0,0,0,0,0,0,0,0,0,0,0,0,0,0,0
155863,7305,0,0,0,0,0,0,0,0,0,0,0,0,0,0,0,0,0,0,0,0,0,0,0,0,0,0,0,0,0,0,0,0,0,0,0
155892,5196,0,0,0,0,0,0,0,0,0,0,0,0,0,0,0,0,0,0,0,0,0,0,0,0,0,0,0,0,0,0,0,0,0,0,0
155978,0,0,0,0,0,0,0,0,0,9999,0,0,0,0,0,0,0,0,0,0,0,0,0,0,0,0,0,0,0,0,0,0,0,0,0,0
158080,0,0,0,1012,0,0,1033,0,0,0,0,0,0,0,0,0,0,0,0,0,0,0,0,862,0,0,0,0,0,0,0,0,0,0,0,0
158899,5620,0,0,0,0,0,0,0,0,0,0,0,0,0,0,0,0,0,0,0,0,0,0,0,0,0,0,0,0,0,0,0,0,0,0,0
159743,5083,0,0,0,0,0,0,0,0,0,0,0,0,0,0,0,0,0,0,0,0,0,0,0,0,0,0,0,0,0,0,0,0,0,0,0
160232,0,0,0,0,0,0,0,0,0,0,0,0,0,0,0,0,0,0,0,0,0,0,9999,0,0,0,0,0,0,0,0,0,0,0,0,0
160233,5955,0,0,0,0,0,0,0,0,0,0,0,0,0,0,0,0,0,0,0,0,0,0,0,0,0,0,0,0,0,0,0,0,0,0,0
160791,0,0,0,0,0,0,0,0,0,0,0,0,0,0,0,0,10000,9999,0,0,0,0,0,0,0,0,0,0,0,0,0,0,0,0,0,0
160808,5741,0,0,0,0,0,0,0,0,0,0,0,0,0,0,0,0,0,0,0,0,0,0,0,0,0,0,0,0,0,0,0,0,0,0,0
161493,0,0,0,1012,0,0,1033,0,0,0,0,0,0,0,0,0,0,0,0,0,0,0,0,862,0,0,0,0,0,0,0,0,0,0,0,0
161879,0,25000,0,0,0,0,0,0,0,0,0,0,0,0,0,0,0,0,0,0,0,0,9999,0,0,0,0,0,0,0,0,0,0,0,0,0
164451,5718,0,0,0,0,0,0,0,0,0,0,0,0,0,0,0,0,0,0,0,0,0,0,0,0,0,0,0,0,0,0,0,0,0,0,0
164514,4814,0,0,0,0,0,0,0,0,0,0,0,0,0,0,0,0,0,0,0,0,0,0,0,0,0,0,0,0,0,0,0,0,0,0,0
164756,31,0,0,0,0,0,0,0,0,0,0,0,0,0,0,0,0,0,0,0,0,0,0,0,0,0,0,0,0,0,0,0,0,0,0,0
164757,0,0,0,0,0,0,0,0,0,0,0,0,0,0,0,0,0,0,0,0,0,0,0,0,0,9000,0,0,0,0,0,0,0,0,0,0
168471,5605,0,0,0,0,0,0,0,0,0,0,0,0,0,0,0,0,0,0,0,0,0,0,0,0,0,0,0,0,0,0,0,0,0,0,0
168695,884,0,0,0,0,0,0,0,0,0,0,0,0,0,0,0,0,0,0,0,0,0,0,0,0,0,0,0,0,0,0,0,0,0,0,0
169292,0,25000,0,0,0,0,0,0,0,0,0,0,0,0,0,0,0,0,0,0,0,0,0,0,0,0,0,0,0,0,0,0,0,0,0,0
171695,5598,0,0,0,0,0,0,0,0,0,0,0,0,0,0,0,0,0,0,0,0,0,0,0,0,0,0,0,0,0,0,0,0,0,0,0
172049,5232,0,0,0,0,0,0,0,0,9999,0,0,0,0,0,0,0,0,0,0,0,0,0,0,0,0,0,0,0,0,0,0,0,0,0,0
177758,0,0,0,0,0,0,0,0,0,9999,0,0,0,0,0,0,0,0,0,0,0,0,0,0,0,0,0,0,0,0,0,0,0,0,0,0
179636,0,0,0,0,0,0,0,0,0,0,0,0,10000,0,0,0,0,0,0,0,0,0,0,0,0,0,0,0,0,0,0,0,0,0,0,0
181486,0,0,0,0,0,0,0,0,0,0,0,0,0,0,0,0,0,0,0,0,0,0,0,0,0,9000,0,0,0,0,0,0,0,0,0,0
182210,5691,0,0,0,0,0,0,0,0,0,0,0,0,0,0,0,0,0,0,0,0,0,0,0,0,0,0,0,0,0,0,0,0,0,0,0
182337,13736,0,0,0,0,0,0,0,0,0,0,0,0,0,0,0,0,0,0,0,0,0,0,0,0,0,0,0,0,0,0,0,0,0,0,0
182640,0,0,0,0,0,0,0,0,0,0,0,0,0,0,0,0,0,9999,0,0,0,0,0,0,0,0,0,10000,0,0,0,0,0,0,0,0
182710,4994,0,0,0,0,0,0,0,0,0,0,0,0,0,0,0,0,9999,0,0,0,0,0,0,0,0,0,0,0,0,0,9999,0,0,0,0
184117,5921,0,0,0,0,0,0,0,0,0,0,0,0,0,0,0,0,0,0,0,0,0,0,0,0,0,0,0,0,0,0,0,0,0,0,0
186192,5768,0,0,0,0,0,0,0,0,0,0,0,0,0,0,0,0,0,0,0,0,0,0,0,0,0,0,0,0,0,0,0,0,0,0,0
186490,5140,0,0,0,0,0,0,0,0,0,0,0,0,0,0,0,10000,9999,0,0,0,0,0,0,0,0,0,0,0,0,0,0,0,0,0,0
187137,11148,0,0,0,0,0,0,0,0,0,0,0,0,0,0,0,0,0,0,0,0,0,0,0,0,0,0,0,0,0,0,0,0,0,0,0
187327,551,0,0,0,0,0,0,0,0,0,0,0,0,0,0,0,0,0,0,0,0,0,0,0,0,0,0,0,0,0,0,0,0,0,0,0
187878,0,0,0,0,0,0,0,0,0,0,0,0,0,0,0,0,0,9999,0,0,0,0,0,0,0,0,0,0,0,0,0,9999,0,0,0,0
191495,4838,0,0,0,0,0,0,0,0,0,0,0,0,0,0,0,0,0,0,0,0,0,0,0,0,0,0,0,0,0,0,0,0,0,0,0
192073,5738,0,9999,0,0,0,0,0,0,0,0,0,0,0,0,0,0,9999,0,0,0,0,0,0,0,9000,0,0,0,0,0,0,0,0,0,0
192843,0,0,0,1012,0,0,1033,0,0,0,0,0,0,0,0,0,0,0,0,0,0,0,0,862,0,0,0,0,0,0,0,0,0,0,0,0
196162,10317,0,0,1012,0,0,1033,0,0,0,0,0,0,0,0,0,0,0,0,0,0,0,0,862,0,0,0,0,0,0,0,0,0,0,0,0
197162,6436,0,0,0,0,0,0,0,0,0,0,0,0,0,0,0,0,0,0,0,0,0,0,0,0,0,0,0,0,0,0,0,0,0,0,0
199596,5821,0,0,0,10000,0,0,0,0,0,0,0,0,0,0,0,0,0,0,0,0,0,0,0,0,0,0,0,0,0,0,0,0,0,0,0
202747,0,0,0,0,0,0,0,0,0,9999,0,0,0,0,0,0,0,0,0,0,0,0,0,0,0,0,0,0,0,0,0,0,0,0,0,0
203907,3925,0,0,0,0,0,0,0,0,0,0,0,0,0,0,0,0,0,0,0,0,0,0,0,0,0,0,0,0,0,0,0,0,0,0,0
204038,0,0,0,0,0,0,0,0,0,0,0,0,0,0,0,0,0,0,0,0,0,0,9999,0,0,0,0,0,0,0,0,0,0,0,0,0
204773,0,0,0,0,0,0,0,0,0,0,0,0,0,0,0,0,0,9999,0,0,0,0,0,0,0,0,0,0,0,0,0,9999,0,0,0,0
208216,5878,0,0,0,0,0,0,0,0,0,0,0,0,0,0,0,0,0,0,0,0,0,0,0,0,0,0,0,0,0,0,0,0,0,0,0
208226,5100,0,0,1012,0,0,1033,0,0,0,0,0,0,0,0,0,0,0,0,0,0,0,9999,862,0,0,0,0,0,0,0,0,0,0,0,0
208596,8668,0,0,0,0,0,0,0,0,0,0,0,0,0,0,0,0,0,0,0,0,0,0,0,0,0,0,0,0,0,0,0,0,0,0,0
215591,5763,0,0,0,0,0,0,0,0,0,0,0,0,0,0,0,0,0,0,0,0,0,0,0,0,0,0,0,0,0,0,0,0,0,0,0
215813,0,0,0,0,0,0,0,0,0,0,0,0,0,0,0,0,0,0,0,0,0,0,0,0,0,0,0,0,25000,0,0,0,0,0,0,0
216465,51171,0,0,0,0,0,0,0,0,9999,0,0,0,0,0,0,0,0,0,0,0,0,0,0,0,0,0,0,0,0,0,0,0,0,0,0
216816,100000,0,0,1012,0,0,1033,0,0,0,0,0,0,0,0,0,0,0,0,0,0,0,0,862,0,0,0,0,0,0,0,0,0,0,0,0
221822,13843,0,0,0,0,0,0,0,0,0,0,0,0,0,0,0,0,0,0,0,0,0,0,0,0,0,0,0,0,0,0,0,0,0,0,0
223967,0,0,0,0,0,0,0,0,0,9999,0,0,0,0,0,0,0,0,0,0,0,0,0,0,0,0,0,0,0,0,0,0,0,0,0,0
225194,4461,0,0,0,0,0,0,0,0,0,0,0,0,0,0,0,0,0,0,0,0,0,0,0,0,0,0,0,0,0,0,0,0,0,0,0
228748,4783,0,0,0,0,0,0,0,0,0,0,0,0,0,0,0,0,0,0,0,0,0,0,0,0,0,0,0,0,0,0,0,0,0,0,0
234827,5382,0,0,0,0,0,0,0,0,0,0,0,0,0,0,0,0,0,0,0,0,0,0,0,0,0,0,0,0,0,0,0,0,0,0,0
239935,5902,0,0,0,0,0,0,0,0,0,0,0,0,0,0,0,0,0,0,0,0,0,0,0,0,0,0,0,0,0,0,0,0,0,0,0
242703,5939,0,0,0,0,0,0,0,0,0,0,0,0,0,0,0,0,0,0,0,0,0,0,0,0,0,0,0,0,0,0,0,0,0,0,0
244366,0,0,0,0,0,0,0,0,0,0,0,0,0,0,0,0,0,9999,0,0,0,0,0,0,0,0,0,0,0,0,0,9999,0,0,0,0
244787,4976,0,0,0,0,0,0,0,0,9999,0,0,0,0,0,0,0,0,0,0,0,0,0,0,0,0,0,0,0,0,0,0,0,0,0,0
248026,0,0,0,0,0,0,0,0,0,0,0,0,0,0,0,0,0,0,0,0,0,0,0,0,0,9000,0,0,0,0,0,0,0,0,0,0
251701,2314,0,0,0,0,0,0,0,0,0,0,0,0,0,0,0,0,0,0,0,0,0,0,0,0,0,0,0,0,0,0,0,0,0,0,0
252307,0,0,0,0,0,0,0,0,0,9999,0,0,0,0,0,0,0,0,0,0,0,0,0,0,0,0,0,0,0,0,0,0,0,0,0,0
252966,5785,0,0,0,0,0,0,0,0,0,0,0,0,0,0,0,0,0,0,0,0,0,0,0,0,0,0,0,0,0,0,0,0,0,0,0
257758,583,0,0,0,0,0,0,0,0,0,0,0,0,0,0,0,0,0,0,0,0,0,0,0,0,0,0,0,0,0,0,0,0,0,0,0
258224,0,25000,0,0,0,0,0,0,0,0,0,0,0,0,0,0,0,0,0,0,0,0,0,0,0,0,0,0,0,0,0,0,0,0,0,0
259537,0,0,0,1012,0,0,1033,0,0,0,0,0,0,0,0,0,0,9999,0,0,0,0,0,862,0,0,0,0,0,0,0,9999,0,0,0,0
261292,5848,0,0,0,0,0,0,0,0,0,0,0,0,0,0,0,0,0,0,0,0,0,0,0,0,0,0,0,0,0,0,0,0,0,0,0
261964,5729,0,0,0,0,0,0,0,0,0,0,0,0,0,0,0,0,0,0,0,0,0,0,0,0,0,0,0,0,0,0,0,0,0,0,0
263511,0,0,0,1012,0,0,1033,0,0,0,0,0,0,0,0,0,0,0,0,0,0,0,0,862,0,0,0,0,0,0,0,0,0,0,0,0
265606,0,0,0,0,0,0,0,0,0,0,0,0,0,0,0,0,0,0,0,0,0,0,0,0,0,0,0,0,0,0,0,0,0,25000,0,0
266009,15781,0,0,0,0,0,0,0,0,0,0,0,0,0,0,0,0,0,0,0,0,0,0,0,0,0,0,0,0,0,0,0,0,0,0,0
266779,22865,0,0,1012,0,0,1033,0,0,0,0,0,0,0,0,0,0,0,0,0,0,0,0,862,0,0,0,0,0,0,0,0,0,0,0,0
267818,0,0,0,0,0,0,0,0,0,0,0,0,0,0,0,0,0,0,0,0,0,0,0,0,0,0,0,0,25000,0,0,0,0,0,0,0
269261,5844,0,0,0,10000,0,0,0,0,0,0,0,0,0,0,0,0,0,0,0,0,0,0,0,0,0,0,0,0,0,0,0,0,0,0,0
271065,9696,0,0,0,0,0,0,0,0,0,0,0,0,0,0,0,0,0,0,0,0,0,0,0,0,0,0,0,0,0,0,0,0,0,0,0
271097,5749,0,0,0,0,0,0,0,0,0,0,0,0,0,0,0,0,9999,0,0,0,0,0,0,0,0,0,0,0,0,0,9999,0,0,0,0
271098,5686,0,0,0,0,0,0,0,0,0,0,0,0,0,0,0,0,0,0,0,0,0,0,0,10000,0,0,0,0,0,0,0,0,0,0,0
274539,5848,0,0,0,0,0,0,0,0,0,0,0,0,0,0,0,0,0,0,0,0,0,0,0,0,0,0,0,0,0,0,0,0,0,0,0
281120,5131,0,0,0,0,0,0,0,0,0,0,0,0,0,0,0,0,0,0,0,0,0,0,0,0,0,0,0,0,0,0,0,0,0,0,0
283734,4611,0,0,0,0,0,0,0,0,0,0,0,0,0,0,0,0,9999,0,0,0,0,0,0,0,0,0,0,0,0,0,9999,0,0,0,0
284016,0,0,0,0,0,0,0,0,0,0,0,0,0,0,0,0,0,9999,0,0,0,0,0,0,0,0,0,0,0,0,0,9999,0,0,0,0
286802,5813,0,0,0,0,0,0,0,0,0,0,0,0,0,0,0,0,0,0,0,0,0,0,0,0,0,0,0,0,0,0,0,0,0,0,0
288000,0,0,0,1012,0,0,1033,0,0,0,0,0,0,0,0,0,0,0,0,0,0,0,0,862,0,0,0,0,0,0,0,0,0,0,0,0
290053,5574,0,0,0,0,0,0,0,0,0,0,0,0,0,0,0,0,0,0,0,0,0,0,0,0,0,0,0,0,0,0,0,0,0,0,0
290399,20245,0,0,1012,0,0,1033,0,0,0,0,0,0,0,0,0,0,0,0,0,0,0,0,862,0,0,0,0,0,0,0,0,0,0,0,0
290400,0,0,0,1012,0,0,1033,0,0,0,0,0,0,0,0,0,0,0,0,0,0,0,0,862,0,0,0,0,25000,0,0,0,0,0,0,0
290513,0,0,0,1012,0,0,1033,0,0,0,0,0,0,0,0,0,0,0,0,0,0,0,0,862,0,0,0,0,0,0,0,0,0,0,0,0
291112,0,0,0,0,0,0,0,0,0,9999,0,0,0,0,0,0,0,0,0,0,0,0,0,0,0,0,0,0,0,0,0,0,0,0,0,0
291990,5821,0,0,0,0,0,0,0,0,0,0,0,0,0,0,0,0,0,0,0,0,0,0,0,0,0,0,0,0,0,0,0,0,0,0,0
292414,17101,0,0,1012,0,0,1033,0,0,0,0,0,0,0,0,0,0,0,0,0,0,0,0,862,0,0,0,0,0,0,0,0,0,0,0,0
296591,17345,0,0,1012,0,0,1033,0,0,0,0,0,0,0,0,0,0,0,0,0,0,0,0,862,0,0,0,0,0,0,0,0,0,0,0,0
298653,4861,0,0,1012,0,0,1033,0,0,0,0,0,0,0,0,0,0,0,0,0,0,0,0,862,0,0,0,0,0,0,0,0,0,0,0,0
300231,5828,0,0,0,0,0,0,0,0,0,0,0,0,0,0,0,0,0,0,0,0,0,0,0,0,0,0,0,0,0,0,0,0,0,0,0
304895,0,0,0,0,0,0,0,0,0,0,0,0,0,0,0,0,0,0,0,0,0,0,0,0,0,0,0,0,0,50000,0,0,0,25000,0,0
309805,8711,0,0,0,0,0,0,0,0,0,0,0,0,0,0,0,0,0,0,0,0,0,0,0,0,0,0,0,0,0,0,0,0,0,0,0
309806,4000,0,0,0,0,0,0,0,0,0,0,0,0,0,0,0,0,0,0,0,0,0,0,0,0,0,0,0,0,0,0,0,0,0,0,0
309887,5480,0,0,0,0,0,0,0,0,0,0,0,0,0,0,0,0,0,0,0,0,0,0,0,0,0,0,0,0,0,0,0,0,0,0,0
310783,23543,0,0,0,0,0,0,0,0,0,0,0,0,0,0,0,0,0,0,0,0,0,0,0,0,0,0,0,0,0,0,0,0,0,0,0
311400,0,0,9999,0,0,0,0,0,0,0,0,0,0,0,0,0,0,9999,0,0,0,0,0,0,0,0,0,0,0,0,0,0,0,0,0,0
312306,4426,0,0,0,0,0,0,0,0,9999,0,0,0,0,0,0,0,0,0,0,0,0,0,0,0,0,0,0,0,0,0,0,0,0,0,0
313598,3359,0,0,0,0,0,0,0,0,0,0,0,0,0,0,0,0,0,0,0,0,0,0,0,0,0,0,0,0,0,0,0,0,0,0,0
313603,5335,0,0,0,0,0,0,0,0,0,0,0,0,0,0,0,0,0,0,0,0,0,0,0,0,0,0,0,0,0,0,0,0,0,0,0
314282,5582,0,0,0,0,0,0,0,0,0,0,0,0,0,0,0,0,0,0,0,0,0,0,0,0,0,0,0,0,0,0,0,0,0,0,0
314722,4110,0,0,0,0,0,0,0,0,0,0,0,0,0,0,0,0,9999,0,0,0,0,0,0,0,0,0,0,0,0,0,9999,0,0,0,0
315405,2364,0,0,0,0,0,0,0,0,0,0,0,0,0,0,0,0,0,0,0,0,0,0,0,0,0,0,0,0,0,0,0,0,0,0,0
316068,0,0,0,0,10000,0,0,0,0,0,0,0,0,0,0,0,0,0,0,0,0,0,0,0,0,0,0,0,0,0,0,0,0,0,0,0
316277,5906,0,0,0,0,0,0,0,0,0,0,0,0,0,0,0,0,0,0,0,0,0,0,0,0,0,0,0,0,0,0,0,0,0,0,0
316279,5749,0,0,0,0,0,0,0,0,0,0,0,0,0,0,0,0,0,0,0,0,0,0,0,0,0,0,0,0,0,0,0,0,0,0,0
321327,5575,0,0,0,0,0,0,0,0,0,0,0,0,0,0,0,0,0,0,0,0,0,0,0,0,0,0,0,0,0,0,0,0,0,0,0
328814,4608,0,0,0,0,0,0,0,0,0,0,0,0,0,0,0,0,0,0,0,0,0,0,0,0,0,0,0,0,0,0,0,0,0,0,0
330214,5940,0,0,0,0,0,0,0,0,0,0,0,0,0,0,0,0,0,0,0,0,0,0,0,0,0,0,0,0,0,0,0,0,0,0,0
330922,0,0,0,1012,0,0,1033,0,0,0,0,0,0,0,0,0,0,0,0,0,0,25000,0,862,0,0,0,0,0,0,0,0,0,0,0,0
332056,6770,0,0,0,0,0,0,0,0,0,0,0,0,0,0,0,0,0,0,0,0,0,0,0,0,0,0,0,0,0,0,0,0,0,0,0
332163,0,0,0,0,0,0,0,0,0,0,0,0,0,0,0,0,0,0,0,0,0,0,0,0,0,0,0,0,0,50000,0,0,0,25000,0,0
332249,5841,0,0,0,0,0,0,0,0,0,0,0,0,0,0,0,0,0,0,0,0,0,0,0,0,0,0,0,0,0,0,0,0,0,0,0
332410,16386,0,0,1012,0,0,1033,0,0,0,0,0,0,0,0,0,0,9999,0,0,0,0,0,862,0,0,0,0,0,0,0,9999,0,0,0,0
334543,0,0,0,1012,0,0,1033,0,0,0,0,0,0,0,0,0,0,0,0,0,0,0,0,862,0,9000,0,0,0,0,0,0,0,0,0,0
338565,33696,0,0,0,0,0,0,0,0,0,0,0,0,0,0,0,0,0,0,0,0,0,0,0,0,0,0,0,0,0,0,0,0,0,0,0
341694,0,0,0,0,0,0,0,0,0,0,0,0,0,0,0,0,0,0,0,0,554110,0,0,0,0,0,0,0,0,0,0,0,0,0,0,0
342948,0,0,0,0,0,0,0,0,0,9999,0,0,0,0,0,0,0,0,0,0,0,0,0,0,0,0,0,0,0,0,0,0,0,0,0,0
342949,5605,0,0,0,0,0,0,0,0,0,0,0,0,0,0,0,0,0,0,0,0,0,0,0,0,0,0,0,0,0,0,0,0,0,0,0
349221,5953,0,0,0,0,0,0,0,0,0,0,0,0,0,0,0,0,0,0,0,0,0,0,0,0,0,0,0,0,0,0,0,0,0,0,0
351052,5505,0,0,1012,0,0,1033,0,0,0,0,0,0,0,0,0,0,0,0,0,0,0,0,862,0,0,0,0,0,0,0,0,0,0,0,0
351745,0,0,0,1012,0,0,1033,0,0,0,0,0,0,0,0,0,0,0,0,0,0,0,0,862,0,0,0,0,0,0,0,0,0,0,0,0
357794,5584,0,0,0,0,0,0,0,0,0,0,0,0,0,0,0,0,0,0,0,0,0,0,0,0,0,0,0,0,0,0,0,0,0,0,0
359303,5535,0,0,1012,0,0,1033,0,0,0,0,0,0,0,0,0,0,0,0,0,0,0,0,862,0,0,0,0,0,0,0,0,0,0,0,0
359408,5794,0,0,0,0,0,0,0,0,0,0,0,0,0,0,0,0,0,0,0,0,0,0,0,0,0,0,0,0,0,0,0,0,0,0,0
360911,1612,0,0,0,0,0,0,0,0,0,0,0,0,0,0,0,0,0,0,0,0,0,0,0,0,0,0,0,0,0,0,0,0,0,0,0
361575,14349,0,0,0,10000,0,0,0,0,0,0,0,0,0,0,0,0,0,0,0,0,0,0,0,0,0,0,0,0,0,0,0,0,0,0,0
364317,11363,0,0,0,0,0,0,0,0,0,0,0,10000,0,0,0,0,0,0,0,0,0,0,0,0,0,0,0,0,0,0,0,0,0,0,0
364410,0,0,0,0,0,0,0,0,0,0,0,0,0,0,0,0,0,9999,0,0,0,0,0,0,0,0,0,10000,0,0,0,0,0,0,0,0
366648,100000,0,0,0,0,0,0,0,0,0,0,0,0,0,0,0,0,0,0,0,0,0,0,0,0,0,0,0,0,0,0,0,0,0,0,0
375286,5835,0,0,0,0,0,0,0,0,0,0,0,0,0,0,0,0,0,0,0,0,0,0,0,0,0,0,0,0,0,0,0,0,0,0,0
375929,0,0,0,0,0,0,0,0,0,9999,0,0,0,0,0,0,0,0,0,0,0,0,0,0,0,0,0,0,0,0,0,0,0,0,0,0
376805,0,0,0,0,0,0,0,0,0,9999,0,0,0,0,0,0,0,0,0,0,0,0,0,0,0,0,0,0,0,0,0,0,0,0,0,0
379067,0,0,0,0,0,0,0,0,0,0,0,0,0,0,0,0,0,0,0,0,0,0,0,0,0,0,0,0,0,50000,0,0,0,0,0,0
379547,5280,0,0,0,0,0,0,0,0,0,0,0,0,0,0,0,0,0,0,0,0,0,9999,0,0,0,0,0,0,0,0,0,0,0,0,0
380021,0,0,0,0,0,0,0,0,0,0,0,0,0,0,0,0,0,0,0,0,0,25000,0,0,0,0,0,0,25000,0,0,0,0,0,0,0
387093,0,0,0,0,0,0,0,0,0,0,0,1000,0,0,0,0,0,0,0,0,0,0,0,0,0,0,0,0,0,0,0,0,0,0,0,0
387343,22989,0,0,0,0,0,0,0,0,0,0,0,0,0,0,0,0,0,0,0,0,0,0,0,0,0,0,0,0,0,0,0,0,0,0,0
390884,0,0,0,0,0,0,0,0,0,0,0,0,0,0,0,0,0,0,0,0,0,0,0,0,0,0,0,0,0,50000,0,0,0,0,0,0
392734,0,0,0,0,0,0,0,0,0,0,0,0,0,0,0,0,0,0,0,0,0,0,0,0,0,0,0,0,0,50000,0,0,0,0,0,0
395922,0,0,0,0,0,0,0,0,0,0,0,0,0,0,0,0,0,0,0,0,0,0,0,0,0,0,0,0,0,50000,0,0,0,0,0,0
395961,23505,0,0,0,0,0,0,0,0,0,0,0,0,0,0,0,0,0,0,0,0,0,0,0,0,0,0,0,0,0,0,0,0,0,0,0
396595,1231,0,0,0,0,0,0,0,0,0,0,0,0,0,0,0,0,0,0,0,0,0,0,0,0,0,0,0,0,0,0,0,0,0,0,0
398743,0,0,0,0,0,0,0,0,0,0,0,0,0,0,0,0,0,0,0,0,0,0,0,0,0,0,0,0,0,50000,0,0,0,25000,0,0
399726,1,0,0,0,0,0,0,0,0,0,0,0,0,0,0,0,0,0,0,0,0,0,0,0,0,0,0,0,0,0,0,0,0,0,0,0
399742,10511,0,0,0,0,0,0,0,0,0,0,0,0,0,0,0,0,0,0,0,0,0,0,0,0,0,0,0,0,0,0,0,0,0,0,0
400668,5748,0,0,0,0,0,0,0,0,0,0,0,0,0,0,0,0,0,0,0,0,0,0,0,0,0,0,0,0,0,0,0,0,0,0,0
401619,9041,0,0,0,0,0,0,0,0,0,0,0,0,0,0,0,0,0,0,0,0,0,0,0,0,0,0,0,0,0,0,0,0,0,0,0
404011,5741,0,0,0,0,0,0,0,0,0,0,0,0,0,0,0,0,9999,0,0,0,0,0,0,0,0,0,10000,0,0,0,0,0,0,0,0
404589,0,0,0,0,0,0,0,0,0,0,0,0,0,0,0,0,0,0,0,0,0,0,0,0,0,9000,0,0,0,0,0,0,0,0,0,0
405212,23708,0,0,0,0,0,0,0,0,0,0,0,0,0,0,0,0,0,0,0,0,0,0,0,0,0,0,0,0,0,0,0,0,0,0,0
412963,17731,0,0,0,0,0,0,0,0,9999,0,0,0,0,0,0,0,0,0,0,0,0,0,0,0,0,0,0,0,0,0,0,0,0,0,0
413502,11143,0,0,0,0,0,0,0,0,0,0,0,0,0,0,0,0,0,0,0,0,0,0,0,0,0,0,0,0,0,0,0,0,0,0,0
413810,41519,0,0,0,0,0,0,0,0,0,0,0,0,0,0,0,0,0,0,0,0,0,0,0,0,0,0,0,0,0,0,0,0,0,0,0
415229,4934,0,0,0,0,0,0,0,0,0,0,0,0,0,0,0,0,0,0,0,0,0,0,0,0,0,0,0,0,0,0,0,0,0,0,0
426114,9608,0,0,0,0,0,0,0,0,0,0,0,0,0,0,0,0,0,0,0,0,0,0,0,0,0,0,0,0,0,0,0,0,0,0,0
443144,5386,0,0,0,0,0,0,0,0,0,0,0,0,0,0,0,0,0,0,0,0,0,0,0,0,0,0,0,0,0,0,0,0,0,0,0
444163,349,0,0,0,0,0,0,0,0,0,0,0,10000,0,0,0,0,0,0,0,0,0,0,0,0,0,0,0,0,0,0,0,0,0,0,0
447217,1964,0,0,0,0,0,0,0,0,0,0,0,0,0,0,0,0,0,0,0,0,0,0,0,0,0,0,0,0,0,0,0,0,0,0,0
456327,8701,0,0,0,0,0,0,0,0,0,0,0,0,0,0,0,0,0,0,0,0,0,0,0,0,0,0,0,0,0,0,0,0,0,0,0
458033,10959,0,0,0,0,0,0,0,0,0,0,0,0,0,0,0,0,0,0,0,0,0,0,0,0,0,0,0,0,0,0,0,0,0,0,0
461876,5119,0,0,0,0,0,0,0,0,0,0,0,0,0,0,0,0,0,0,0,0,0,0,0,0,0,0,0,0,0,0,0,0,0,0,0
466153,0,0,0,0,0,0,0,0,0,0,0,0,0,0,0,0,0,0,0,0,0,0,0,0,0,0,0,0,0,0,0,0,0,25000,0,0
470934,0,0,0,0,0,0,0,0,0,0,0,0,0,0,0,0,10000,9999,0,0,0,0,0,0,0,0,0,0,0,0,0,0,0,0,0,0
471223,14152,0,0,0,0,0,0,0,0,0,0,0,0,0,0,0,0,0,0,0,0,0,0,0,0,0,0,0,0,0,0,0,0,0,0,0
471827,5922,0,0,0,0,0,0,0,0,0,0,0,0,0,0,0,0,0,0,0,0,0,0,0,0,0,0,0,0,0,0,0,0,0,0,0
475088,5936,0,0,0,0,0,0,0,0,0,0,0,0,0,0,0,0,0,0,0,0,0,0,0,0,0,0,0,0,0,0,0,0,0,0,0
477693,1867,0,0,0,0,0,0,0,0,0,0,0,0,0,0,0,0,0,0,0,0,0,0,0,0,0,0,0,0,0,0,0,0,0,0,0
480224,0,0,0,0,0,0,0,0,0,0,0,0,0,0,0,0,0,0,0,0,0,0,0,0,0,9000,0,0,0,0,0,0,0,0,0,0
481743,1371,0,0,0,0,0,0,0,0,0,0,0,0,0,0,0,0,0,0,0,0,0,0,0,0,0,0,0,0,0,0,0,0,0,0,0
482957,11095,0,0,1012,0,0,1033,0,0,0,0,0,0,0,0,0,0,0,0,0,0,0,0,862,0,0,0,0,0,0,0,0,0,0,0,0
492670,6,0,0,0,0,0,0,0,0,0,0,0,0,0,0,0,0,0,0,0,0,0,0,0,0,9000,0,0,0,0,0,0,0,0,0,0
496866,6,0,0,1012,0,0,1033,0,0,0,0,0,0,0,0,0,0,0,0,0,0,0,9999,862,0,0,0,0,0,0,0,0,0,0,0,0
497965,37988,0,0,0,0,0,0,0,0,0,0,0,0,0,0,0,0,0,0,0,0,0,0,0,0,0,0,0,0,0,0,0,0,0,0,0
498846,5927,0,0,0,0,0,0,0,0,0,0,0,0,0,0,0,0,0,0,0,0,0,0,0,0,0,0,0,0,0,0,0,0,0,0,0
499229,5276,0,0,0,0,0,0,0,0,0,0,0,0,0,0,0,0,0,0,0,0,0,0,0,0,0,0,0,0,0,0,0,0,0,0,0
511435,26176,0,0,0,0,0,0,0,0,0,0,0,0,0,0,0,0,0,0,0,0,0,0,0,0,0,0,0,0,0,0,0,0,0,0,0
511746,0,0,0,0,0,0,0,0,0,0,0,0,0,0,0,0,0,0,0,0,0,0,0,0,0,0,0,0,0,50000,0,0,0,0,0,0
531813,11861,0,0,0,0,0,0,0,0,0,0,0,0,0,0,0,0,0,0,0,0,0,0,0,0,0,0,0,0,0,0,0,0,0,0,0
536018,3587,0,0,0,0,0,0,0,0,0,0,0,0,0,0,0,0,0,0,0,0,0,0,0,0,0,0,0,0,0,0,0,0,0,0,0
550542,9,0,0,0,0,0,0,0,0,0,0,0,0,0,0,0,0,0,0,0,0,0,0,0,0,0,0,0,0,0,0,0,0,0,0,0
551760,14114,0,0,0,0,0,0,0,0,0,0,0,0,0,0,0,0,0,0,0,0,0,0,0,0,0,0,0,0,0,0,0,0,0,0,0
552810,5770,0,0,0,0,0,0,0,0,0,0,0,0,0,0,0,0,0,0,0,0,0,0,0,0,0,0,0,0,0,0,0,0,0,0,0
563177,5061,0,0,0,0,0,0,0,0,0,0,0,0,0,0,0,0,0,0,0,0,0,0,0,0,0,0,0,0,0,0,0,0,0,0,0
575200,0,25000,0,0,0,0,0,0,0,0,0,0,0,0,0,0,0,0,0,0,0,0,0,0,0,0,0,0,0,0,0,0,0,0,0,0
576610,5821,0,0,0,0,0,0,0,0,9999,0,0,0,0,0,0,0,0,0,0,0,0,0,0,0,0,0,0,0,0,0,0,0,0,0,0
580165,0,0,0,1012,0,0,1033,0,0,0,0,0,0,0,0,0,0,0,0,0,0,0,0,862,0,0,0,0,0,0,0,0,0,0,0,0
581103,2613,0,0,0,0,0,0,0,0,0,0,0,0,0,0,0,0,0,0,0,0,0,0,0,0,0,0,0,0,0,0,0,0,0,0,0
583357,808,0,0,0,0,0,0,0,0,0,0,0,0,0,0,0,0,0,0,0,0,0,0,0,10000,0,0,0,0,0,0,0,0,0,0,0
640512,9502,0,0,0,0,0,0,0,0,0,0,0,0,0,0,0,0,0,0,0,0,0,0,0,0,0,0,0,0,0,0,0,0,0,0,0
644281,6928,0,0,0,0,0,0,0,0,0,0,0,0,0,0,0,0,0,0,0,0,0,0,0,0,0,0,0,0,0,0,0,0,0,0,0
648999,876,0,0,0,0,0,0,0,0,0,0,0,0,0,0,0,0,0,0,0,0,0,0,0,0,0,0,0,0,0,0,0,0,0,0,0
651143,0,0,0,0,0,0,0,0,0,0,0,0,0,0,0,0,0,0,0,0,0,0,0,0,0,0,0,0,0,50000,0,0,0,0,0,0
651457,5736,0,0,0,0,0,0,0,0,0,0,0,0,0,0,0,0,0,0,0,0,0,0,0,0,0,0,0,0,0,0,0,0,0,0,0
658062,0,0,0,0,0,0,0,0,0,0,0,0,0,0,0,0,0,0,0,0,0,0,0,0,0,0,0,0,0,50000,0,0,0,25000,0,0
664662,2929,0,0,0,0,0,0,0,0,0,0,0,0,0,0,0,0,9999,0,0,0,0,0,0,0,9000,0,0,0,0,0,0,0,0,0,0
702113,20513,0,0,0,0,0,0,0,0,0,0,0,0,0,0,0,0,0,0,0,0,0,0,0,0,0,0,0,0,0,0,0,0,0,0,0
715451,5247,0,0,0,0,0,0,0,0,0,0,0,0,0,0,0,0,0,0,0,0,0,0,0,0,0,0,0,0,0,0,0,0,0,0,0
717609,2785,0,9999,0,0,0,0,0,0,0,0,0,0,0,0,0,0,9999,0,0,0,0,0,0,0,0,0,0,0,0,0,0,0,0,0,0
742013,1491,0,0,0,0,0,0,0,0,0,0,0,0,0,0,0,0,0,0,0,0,0,0,0,0,0,0,0,0,0,0,0,0,0,0,0
748280,3328,0,0,0,0,0,0,0,0,0,0,0,0,0,0,0,0,0,0,0,0,0,0,0,0,0,0,0,0,0,0,0,0,0,0,0
756883,14348,0,0,0,0,0,0,0,0,0,0,0,0,0,0,0,0,0,0,0,0,0,0,0,0,0,0,0,0,0,0,0,0,0,0,0
767892,0,0,0,0,0,0,0,0,0,0,0,0,0,0,0,0,0,0,0,0,0,0,0,0,0,0,0,0,0,50000,0,0,0,25000,0,0
863643,3051,0,0,0,0,0,0,0,0,0,0,0,0,0,0,0,0,0,0,0,0,0,0,0,0,0,0,0,0,0,0,0,0,0,0,0
870903,5966,0,0,0,0,0,0,0,0,0,0,0,0,0,0,0,0,0,0,0,0,0,0,0,0,0,0,0,0,0,0,0,0,0,0,0
875328,5054,0,0,0,0,0,0,0,0,0,0,0,0,0,0,0,0,0,0,0,0,0,0,0,0,0,0,0,0,0,0,0,0,0,0,0
877455,4774,0,0,0,0,0,0,0,0,0,0,0,0,0,0,0,0,0,0,0,0,0,0,0,0,0,0,0,0,0,0,0,0,0,0,0
884684,5596,0,0,0,0,0,0,0,0,0,0,0,0,0,0,0,0,0,0,0,0,0,0,0,0,0,0,0,0,0,0,0,0,0,0,0
887061,4074,0,0,0,0,0,0,0,0,0,0,0,0,0,0,0,0,0,0,0,0,0,0,0,0,0,0,0,0,0,0,0,0,0,0,0
891974,14651,0,0,0,0,0,0,0,0,0,0,0,0,0,0,0,0,0,0,0,0,0,0,0,0,0,0,0,0,0,0,0,0,0,0,0
911045,0,0,0,0,0,0,0,0,0,0,0,0,0,0,0,0,0,0,0,0,0,0,0,0,0,0,0,0,25000,0,0,0,0,0,0,0
911092,4496,0,0,0,0,0,0,0,0,0,0,0,0,0,0,0,0,0,0,0,0,0,0,0,0,9000,0,0,0,0,0,0,0,0,0,0
936456,0,0,0,0,0,0,0,0,0,9999,0,0,0,0,0,0,0,0,0,0,0,0,0,0,0,0,0,0,0,0,0,0,0,0,0,0
936476,5759,0,0,0,0,0,0,0,0,0,0,0,0,0,0,0,0,0,0,0,0,0,0,0,0,0,0,0,0,0,0,0,0,0,0,0
940614,0,0,0,0,0,0,0,0,0,0,0,0,0,0,0,0,0,0,0,0,0,0,0,0,0,0,0,0,0,50000,0,0,0,25000,0,0
940615,0,0,0,0,0,0,0,0,0,0,0,0,0,0,0,0,0,0,0,0,0,0,0,0,0,0,0,0,0,50000,0,0,0,25000,0,0
944547,7963,0,0,0,0,0,0,0,0,0,0,0,0,0,0,0,0,0,0,0,0,0,0,0,0,0,0,0,0,0,0,0,0,0,0,0
983545,6685,0,0,0,0,0,0,0,0,0,0,0,0,0,0,0,0,0,0,0,0,0,0,0,0,0,0,0,0,0,0,0,0,0,0,0
983548,5031,0,0,0,0,0,0,0,0,0,0,0,0,0,0,0,0,0,0,0,0,0,0,0,0,0,0,0,0,0,0,0,0,0,0,0
991904,0,0,0,0,0,0,0,0,0,0,0,0,0,0,0,0,0,0,0,0,0,0,0,0,0,0,0,0,0,50000,0,0,0,25000,0,0
1003110,10453,0,0,0,0,0,0,0,0,0,0,0,0,0,0,0,0,0,0,0,0,0,0,0,0,0,0,0,0,0,0,0,0,0,0,0
1006005,5793,0,0,0,0,0,0,0,0,0,0,0,0,0,0,0,0,0,0,0,0,0,0,0,0,0,0,0,0,0,0,0,0,0,0,0
1007105,11870,0,0,0,0,0,0,0,0,0,0,0,0,0,0,0,0,0,0,0,0,0,0,0,0,0,0,0,0,0,0,0,0,0,0,0
1008460,5828,0,0,0,0,0,0,0,0,0,0,0,0,0,0,0,0,0,0,0,0,0,0,0,0,0,0,0,0,0,0,0,0,0,0,0
1041504,3362,0,0,0,0,0,0,0,0,0,0,0,0,0,0,0,0,0,0,0,0,0,0,0,0,0,0,0,0,0,0,0,0,0,0,0
1042156,5783,0,0,0,0,0,0,0,0,0,0,0,0,0,0,0,0,0,0,0,0,0,0,0,0,0,0,0,0,0,0,0,0,0,0,0
1042877,5528,0,0,0,0,0,0,0,0,0,0,0,0,0,0,0,0,0,0,0,0,0,0,0,0,0,0,0,0,0,0,0,0,0,0,0
1048758,5780,0,0,0,0,0,0,0,0,0,0,0,0,0,0,0,0,0,0,0,0,0,0,0,0,0,0,0,0,0,0,0,0,0,0,0
1097668,16680,0,0,0,0,0,0,0,0,0,0,0,0,0,0,0,0,0,0,0,0,0,0,0,0,0,0,0,0,0,0,0,0,0,0,0
1111069,10140,0,0,0,0,0,0,0,0,0,0,0,0,0,0,0,0,0,0,0,0,0,0,0,0,0,0,0,0,0,0,0,0,0,0,0
1124597,5912,0,0,1012,0,0,1033,0,0,0,0,0,0,0,0,0,0,0,0,0,0,0,0,862,0,0,0,0,0,0,0,0,0,0,0,0
1131703,5862,0,0,0,0,0,0,0,0,0,0,0,0,0,0,0,0,0,0,0,0,0,0,0,0,0,0,0,0,0,0,0,0,0,0,0
1131707,5787,0,0,0,0,0,0,0,0,0,0,0,0,0,0,0,0,0,0,0,0,0,0,0,0,0,0,0,0,0,0,0,0,0,0,0
1148157,0,25000,0,0,0,0,0,0,0,0,0,0,0,0,0,0,0,0,0,0,0,0,0,0,0,0,0,0,0,0,0,0,0,0,0,0
1161942,5709,0,0,0,0,0,0,0,0,0,0,0,0,0,0,0,0,0,0,0,0,0,0,0,0,0,0,0,0,0,0,0,0,0,0,0
1169025,8580,0,0,0,0,0,0,0,0,0,0,0,0,0,0,0,0,0,0,0,0,0,0,0,0,0,0,0,0,0,0,0,0,0,0,0
1176649,0,0,0,0,0,0,0,0,0,9999,0,0,0,0,0,0,0,0,0,0,0,0,0,0,0,0,0,0,0,0,0,0,0,0,0,0
1177712,25388,0,0,0,0,0,0,0,0,0,0,0,0,0,0,0,0,0,0,0,0,0,0,0,0,0,0,0,0,0,0,0,0,0,0,0
1184387,11793,0,0,0,0,0,0,0,0,0,0,0,0,0,0,0,0,0,0,0,0,0,0,0,0,0,0,0,0,0,0,0,0,0,0,0
1203471,0,0,0,0,0,0,0,0,0,0,0,0,0,0,0,0,0,0,0,0,0,0,0,0,0,9000,0,0,0,0,0,0,0,0,0,0
1217908,0,0,0,0,0,0,0,0,0,0,0,0,0,0,0,0,0,0,0,0,0,0,0,0,0,0,0,0,25000,0,0,0,0,0,0,0
