Sample name,Proportion classified,Precision reads,Precision taxa,Mean Precision,Recall reads,Recall taxa,Mean Recall,F1 score reads,F1 score taxa,L1 distance,Aitchisons distance,Robust Aitchisons distance,Bray-Curtis dissimilarity raw,Bray-Curtis dissimilarity relative abundance,Simpson's diversity,Shannon diversity,Chao1 richness,McIntosh's evenness,Pielou evenness,Simpson's evenness,Number of taxa,Mean F1 score
marine_sample_0-MetaPhlAn,0.763114049,0.302514094,0.849206349,0.575860222,0.238557187,0.826254826,0.532406007,0.266755652,0.837573386,42254837,88.74019576,16.79795611,0.733244348,0.759680325,0.956977935,5.921364911,252,0.207419658,0.742278692,0.092237646,252,0.552164519
marine_sample_1-MetaPhlAn,0.80230512,0.374059732,0.871186441,0.622623086,0.310982199,0.848184818,0.579583509,0.339616927,0.859531773,38866713,88.8108632,15.40826769,0.660383073,0.687346532,0.97902289,6.615181187,295,0.144836363,0.806279947,0.161596637,295,0.59957435
marine_sample_2-MetaPhlAn,0.795045844,0.331486157,0.847272727,0.589379442,0.272934831,0.841155235,0.557045033,0.299374509,0.844202899,41075956,93.13981024,16.70153156,0.700625491,0.726098813,0.970649632,6.347292947,275,0.171321263,0.783298471,0.123894995,275,0.571788704
marine_sample_3-MetaPhlAn,0.793435361,0.349062023,0.859838275,0.604450149,0.289863637,0.830729167,0.560296402,0.316720376,0.845033113,39777713,103.0579946,17.6843775,0.683279624,0.708929501,0.978498389,6.668462898,371,0.14663633,0.781282689,0.125358877,371,0.580876744
marine_sample_4-MetaPhlAn,0.746793956,0.359675841,0.852941176,0.606308509,0.285099088,0.828571429,0.556835258,0.31807457,0.84057971,38350123,92.33174974,14.3099975,0.68192543,0.713851159,0.970641436,6.105208878,272,0.171345276,0.75489792,0.125226514,272,0.57932714
marine_sample_5-MetaPhlAn,0.781503206,0.422593731,0.862928349,0.64276104,0.351997393,0.829341317,0.590669355,0.384078482,0.845801527,35270633,97.05926406,13.37705758,0.615921518,0.646776056,0.967893872,6.282237295,321,0.179184033,0.754493544,0.097030224,321,0.614940004
marine_sample_6-MetaPhlAn,0.760013847,0.402716468,0.84423676,0.623476614,0.322527853,0.823708207,0.57311803,0.358189024,0.833846154,36517741,100.5806843,14.64545342,0.641810976,0.675661462,0.979532887,6.610424399,321,0.143065129,0.793908651,0.152208313,321,0.596017589
marine_sample_7-MetaPhlAn,0.750636037,0.360712881,0.842490842,0.601601862,0.284342674,0.807017544,0.545680109,0.31800692,0.82437276,38662972,96.16729025,15.14724135,0.68199308,0.714037695,0.972128349,6.268759199,273,0.166949866,0.774613533,0.131423993,273,0.57118984
marine_sample_8-MetaPhlAn,0.779208321,0.352393934,0.84984985,0.601121892,0.287536419,0.813218391,0.550377405,0.316678493,0.83113069,39465604,101.9731982,17.16440372,0.683321507,0.711426898,0.966497438,6.333093402,333,0.183039391,0.755795135,0.089635027,333,0.573904592
marine_sample_9-MetaPhlAn,0.741059658,0.387341847,0.842105263,0.614723555,0.309682003,0.817518248,0.563600125,0.344185637,0.82962963,36425705,94.45393554,13.20339555,0.655814363,0.68876945,0.974665426,6.334688774,266,0.159170092,0.786401821,0.148390041,266,0.586907633
mouse_sample_0-MetaPhlAn,0.337324723,0.953959226,0.857142857,0.905551042,0.32179733,0.65625,0.489023665,0.481254093,0.743362832,23011127,49.72612276,6.678030105,0.518745907,0.613223794,0.635810272,2.271114285,49,0.603483929,0.404493616,0.056037174,49,0.612308462
mouse_sample_1-MetaPhlAn,0.286440683,0.700726566,0.907407407,0.804066987,0.200715414,0.597560976,0.399138195,0.312048087,0.720588235,29444443,56.83631486,8.255120487,0.687951913,0.745279781,0.802903319,3.190536801,54,0.443958189,0.554404721,0.093956521,54,0.516318161
mouse_sample_10-MetaPhlAn,0.668201729,0.927277853,0.867346939,0.897312396,0.619614732,0.708333333,0.663974033,0.742850569,0.779816514,14236539,65.67942887,8.014132471,0.257149431,0.315034985,0.799924283,3.647394083,98,0.447300199,0.551406512,0.0510011,98,0.761333541
mouse_sample_11-MetaPhlAn,0.674786663,0.775018024,0.896226415,0.83562222,0.522969358,0.601265823,0.56211759,0.624521754,0.71969697,20920788,79.79184931,9.054639929,0.375478246,0.405743522,0.943762045,4.853560937,106,0.237146539,0.721405815,0.167750806,106,0.672109362
mouse_sample_12-MetaPhlAn,0.621920506,0.785069958,0.816793893,0.800931926,0.488250062,0.664596273,0.576423168,0.602064602,0.732876712,21442115,84.93175075,10.31085652,0.397935398,0.414754708,0.918985208,4.6709627,131,0.284632767,0.664109453,0.094224617,131,0.667470657
mouse_sample_13-MetaPhlAn,0.82040413,0.949291906,0.870588235,0.909940071,0.778807272,0.666666667,0.722736969,0.855640057,0.755102041,8720714,61.94384858,11.07339516,0.144359943,0.175003049,0.729955366,3.000268552,85,0.519659793,0.468105095,0.043565783,85,0.805371049
mouse_sample_14-MetaPhlAn,0.675073041,0.867457355,0.889908257,0.878682806,0.585589719,0.598765432,0.592177576,0.699184656,0.715867159,16769439,82.58595088,9.382866306,0.300815344,0.347495181,0.819562417,4.142204565,109,0.424781494,0.612011193,0.050844795,109,0.707525907
mouse_sample_15-MetaPhlAn,0.756456334,0.824436928,0.868217054,0.846326991,0.62365956,0.662721893,0.643190727,0.710129437,0.751677852,16923956,82.26081135,12.18609782,0.289870563,0.280904627,0.9214596,4.813707517,129,0.280252028,0.686571315,0.098700007,129,0.730903645
mouse_sample_16-MetaPhlAn,0.274737344,0.950771183,0.872727273,0.911749228,0.261212366,0.64,0.450606183,0.409829309,0.738461538,24955373,51.33283663,5.694349325,0.590170691,0.677408405,0.393704045,1.712058598,55,0.778654699,0.296134246,0.029988355,55,0.574145423
mouse_sample_17-MetaPhlAn,0.498168347,0.705998242,0.87254902,0.789273631,0.351709848,0.644927536,0.498318692,0.469518077,0.741666667,26431596,78.1597872,9.415710144,0.530481923,0.538365633,0.93768226,4.741333328,102,0.249636735,0.710586194,0.15732152,102,0.605592372
mouse_sample_18-MetaPhlAn,0.391301065,0.907029726,0.852459016,0.879744371,0.354924136,0.712328767,0.533626452,0.510203664,0.776119403,22618978,54.26043141,7.819350571,0.489796336,0.576899999,0.791526328,3.176957825,61,0.456591282,0.535676703,0.078635554,61,0.643161533
mouse_sample_19-MetaPhlAn,0.613024797,0.642806935,0.848484848,0.745645892,0.394061685,0.636363636,0.515212661,0.488597261,0.727272727,27438351,79.05596177,8.125311543,0.511402739,0.504312652,0.944658399,4.840644227,99,0.235249086,0.730183109,0.182521105,99,0.607934994
mouse_sample_2-MetaPhlAn,0.81424536,0.96231815,0.842105263,0.902211707,0.783569445,0.64,0.711784722,0.863793409,0.727272727,8195668,55.00727125,7.955159945,0.136206591,0.141826512,0.774589149,2.790209813,57,0.474775511,0.478358036,0.07783059,57,0.795533068
mouse_sample_20-MetaPhlAn,0.465681478,0.697253663,0.880733945,0.788993804,0.32470093,0.653061224,0.488881077,0.443070396,0.75,27130330,74.38068582,10.01298985,0.556929604,0.581832028,0.927083901,4.649514103,109,0.270031695,0.686966235,0.125820115,109,0.596535198
mouse_sample_21-MetaPhlAn,0.528366695,0.930535852,0.847058824,0.888797338,0.49166575,0.685714286,0.588690018,0.643386433,0.757894737,18112550,64.84625023,8.097127438,0.356613567,0.377057998,0.833750789,3.721942189,85,0.407738644,0.580701384,0.070765484,85,0.700640585
mouse_sample_22-MetaPhlAn,0.860461396,0.856595283,0.89261745,0.874606366,0.737069167,0.651960784,0.694514976,0.792349948,0.753541076,12848331,80.48242162,12.9998407,0.207650052,0.208839471,0.90590793,4.475543207,149,0.306745894,0.619952726,0.071328109,149,0.772945512
mouse_sample_23-MetaPhlAn,0.707385693,0.95463274,0.886075949,0.920354345,0.675298586,0.68627451,0.680786548,0.791029817,0.773480663,11847040,58.52383888,10.39051619,0.208970183,0.238625674,0.774514534,3.202369351,79,0.474854676,0.50800773,0.056137666,79,0.78225524
mouse_sample_24-MetaPhlAn,0.65566886,0.799008345,0.916666667,0.857837506,0.523883726,0.60199005,0.562936888,0.632836915,0.726726727,20226497,81.15920951,10.26746344,0.367163085,0.357896458,0.943179985,4.990345287,132,0.238370923,0.708413698,0.133329033,132,0.679781821
mouse_sample_25-MetaPhlAn,0.782955573,0.835249717,0.912408759,0.873829238,0.653958485,0.628140704,0.641049594,0.733569206,0.744047619,15797626,80.15420733,7.974554485,0.266430794,0.255513534,0.929930044,4.702022874,137,0.264708686,0.662440352,0.10417118,137,0.738808413
mouse_sample_26-MetaPhlAn,0.397866818,0.93079598,0.863013699,0.896904839,0.370337718,0.623762376,0.497050047,0.529859245,0.724137931,21829781,65.49523171,7.37884144,0.470140755,0.507944573,0.891422676,4.069262142,73,0.329512529,0.657411547,0.126164743,73,0.626998588
mouse_sample_27-MetaPhlAn,0.651020682,0.800151202,0.888,0.844075601,0.520922217,0.54950495,0.535213584,0.631027061,0.678899083,20258971,85.31096061,10.39354684,0.368972939,0.386023889,0.888095745,4.321915845,125,0.33452285,0.62044928,0.071489685,125,0.654963072
mouse_sample_28-MetaPhlAn,0.739241965,0.803755766,0.88,0.841877883,0.594167667,0.567010309,0.580588988,0.683250137,0.689655172,18309137,82.44193914,9.442066534,0.316749863,0.325732257,0.832572656,3.764401709,125,0.40918093,0.54041319,0.04778192,125,0.686452655
mouse_sample_29-MetaPhlAn,0.624076948,0.946415304,0.8875,0.916957652,0.590640136,0.657407407,0.624023772,0.727352897,0.755319149,14705297,62.23977028,7.289304976,0.272647103,0.293585013,0.752195167,3.304905031,80,0.497801891,0.522768526,0.050442923,80,0.741336023
mouse_sample_30-MetaPhlAn,0.597587548,0.845163272,0.909090909,0.877127091,0.505066134,0.579710145,0.54238814,0.632282699,0.707964602,19552710,81.42204679,10.52095567,0.367717301,0.407000458,0.921574692,4.617677009,132,0.280047034,0.655510883,0.096598378,132,0.67012365
mouse_sample_31-MetaPhlAn,0.798611545,0.909483442,0.888888889,0.899186165,0.726326836,0.623376623,0.67485173,0.8076514,0.732824427,11508305,73.41510517,6.83022282,0.1923486,0.228638331,0.860629384,3.954445079,108,0.373325245,0.585419828,0.066436237,108,0.770237914
mouse_sample_32-MetaPhlAn,0.85885921,0.943320004,0.944444444,0.943882224,0.810179781,0.693877551,0.752028666,0.871695338,0.8,7908890,40.80501642,2.965249465,0.128304662,0.125059774,0.812354443,3.06495638,36,0.433181276,0.59284349,0.148033229,36,0.835847669
mouse_sample_33-MetaPhlAn,0.620707333,0.84634218,0.878571429,0.862456804,0.525344649,0.602941176,0.564142913,0.648284034,0.715116279,18959827,88.78175478,10.84231128,0.351715966,0.395215582,0.95785378,5.412833643,140,0.205296828,0.759239552,0.169478002,140,0.681700157
mouse_sample_34-MetaPhlAn,0.648693075,0.836915631,0.904458599,0.870687115,0.542912429,0.633928571,0.5884205,0.658592054,0.745406824,18713633,87.86999345,11.32473675,0.341407946,0.353259245,0.958218996,5.518774818,157,0.2044055,0.756554043,0.15244791,157,0.701999439
mouse_sample_35-MetaPhlAn,0.816716361,0.956469715,0.918367347,0.937418531,0.78115884,0.714285714,0.747722277,0.859970643,0.803571429,8443455,48.62604501,4.145704171,0.140029357,0.133615274,0.845153889,3.542356356,49,0.393505602,0.630906397,0.131796421,49,0.831771036
mouse_sample_36-MetaPhlAn,0.675586573,0.858834336,0.933333333,0.896083835,0.580211331,0.580310881,0.580261106,0.692549826,0.715654952,17140686,78.92947206,11.04105643,0.307450174,0.331172083,0.916259487,4.983510768,120,0.289381063,0.721527393,0.09951376,120,0.704102389
mouse_sample_37-MetaPhlAn,0.688861558,0.804756295,0.934782609,0.869769452,0.554364125,0.608490566,0.581427346,0.656495205,0.737142857,19300214,84.91222741,11.51276234,0.343504795,0.339889522,0.958800554,5.461276669,138,0.202977679,0.768271489,0.175885298,138,0.696819031
mouse_sample_38-MetaPhlAn,0.811810335,0.947600036,0.857142857,0.902371446,0.769262949,0.618556701,0.693909825,0.849169217,0.718562874,9068982,64.91413831,8.766053546,0.150830783,0.171812786,0.781395425,3.364025498,70,0.467552879,0.548844863,0.065349567,70,0.783866045
mouse_sample_5-MetaPhlAn,0.340652606,0.94521921,0.92,0.932609605,0.321990257,0.56097561,0.441482933,0.480348962,0.696969697,23019854,74.70640748,12.49340594,0.519651038,0.467652682,0.88538867,4.458339347,125,0.338546681,0.640034082,0.069801127,125,0.58865933
mouse_sample_52-MetaPhlAn,0.753677773,0.86986058,0.881355932,0.875608256,0.655593063,0.525252525,0.590422794,0.747678652,0.658227848,14685218,57.95708872,10.8055683,0.252321348,0.271985989,0.746440959,2.673065952,59,0.503547632,0.454398802,0.066844994,59,0.70295325
mouse_sample_53-MetaPhlAn,0.409418067,0.960528406,0.905660377,0.933094391,0.393253665,0.623376623,0.508315144,0.558038585,0.738461538,20606287,68.53875405,9.874718283,0.441961415,0.442412076,0.621362469,2.921645954,106,0.61534007,0.434256911,0.02491555,106,0.648250062
mouse_sample_54-MetaPhlAn,0.496024131,0.959241666,0.9,0.929620833,0.475801462,0.654545455,0.565173459,0.636090412,0.757894737,18010193,69.65872306,10.83922714,0.363909588,0.359908271,0.661576988,3.114874824,120,0.581745581,0.450980768,0.024624015,120,0.696992575
mouse_sample_55-MetaPhlAn,0.173503309,0.935944751,0.938596491,0.937270621,0.162389319,0.584699454,0.373544386,0.276759931,0.720538721,27961943,65.15377238,13.16922204,0.723240069,0.584242467,0.802229504,3.648787681,114,0.44472274,0.534003573,0.044354087,114,0.498649326
mouse_sample_56-MetaPhlAn,0.181328544,0.94634909,0.893203883,0.919776487,0.171602858,0.56097561,0.366289234,0.290524487,0.689138577,27612169,66.96854242,11.59745004,0.709475513,0.588993639,0.829489297,3.601457437,103,0.412936467,0.53861619,0.05693917,103,0.489831532
mouse_sample_57-MetaPhlAn,0.871956542,0.898319879,0.882352941,0.89033641,0.78329606,0.625,0.70414803,0.83687411,0.731707317,10158539,73.58498903,10.49490798,0.16312589,0.183130662,0.878830963,4.109014233,119,0.348094847,0.595956902,0.069352382,119,0.784290714
mouse_sample_58-MetaPhlAn,0.847393588,0.901494787,0.897260274,0.89937753,0.763927125,0.59009009,0.677008608,0.827029254,0.711956522,10630209,82.81413726,8.324965406,0.172970746,0.191732894,0.898570112,4.458237239,146,0.318482231,0.620075942,0.067527582,146,0.769492888
mouse_sample_59-MetaPhlAn,0.877831276,0.906081713,0.875,0.890540857,0.795383447,0.618604651,0.706994049,0.847131535,0.72479564,9548286,83.47988732,9.664821486,0.152868465,0.169763033,0.885897049,4.352135631,152,0.33779303,0.600466219,0.057657995,152,0.785963588
mouse_sample_6-MetaPhlAn,0.489524889,0.943225491,0.905109489,0.92416749,0.461727988,0.58490566,0.523316824,0.619968724,0.710601719,18736031,79.59005676,11.9696154,0.380031276,0.355970716,0.832394128,4.095492637,137,0.409400398,0.576989874,0.043550205,137,0.665285222
mouse_sample_60-MetaPhlAn,0.860433271,0.909919698,0.890322581,0.900121139,0.78293695,0.616071429,0.699504189,0.841665777,0.72823219,9799908,83.15964893,9.011670273,0.158334223,0.178156219,0.881100623,4.291915249,155,0.344819745,0.589862818,0.054261116,155,0.784948983
mouse_sample_61-MetaPhlAn,0.826104475,0.861155233,0.881987578,0.871571406,0.711407122,0.617391304,0.664399213,0.779151255,0.726342711,13417090,91.66595474,10.8250318,0.220848745,0.235032836,0.935115884,5.029443391,161,0.25472509,0.686059258,0.095727283,161,0.752746983
mouse_sample_62-MetaPhlAn,0.703178592,0.913259133,0.823529412,0.868394272,0.642182453,0.674698795,0.658440624,0.754099666,0.741721854,13904818,63.57355063,8.176989472,0.245900334,0.235222848,0.867431482,3.987101364,68,0.364100644,0.654969314,0.110930427,68,0.74791076
mouse_sample_63-MetaPhlAn,0.695132905,0.923207425,0.803921569,0.863564497,0.641755068,0.694915254,0.668335161,0.757172196,0.745454545,13663473,56.88799511,8.092410501,0.242827804,0.248168357,0.8272501,3.61765803,51,0.41563283,0.637762123,0.113504222,51,0.751313371
mouse_sample_7-MetaPhlAn,0.853181972,0.949921717,0.877192982,0.91355735,0.810461707,0.735294118,0.772877912,0.874667604,0.8,7699377,48.59922314,4.171167942,0.125332396,0.116430567,0.868382924,3.574620709,57,0.362791397,0.612838696,0.133294707,57,0.837333802
mouse_sample_8-MetaPhlAn,0.707262512,0.894258312,0.896551724,0.895405018,0.632480479,0.571428571,0.601954525,0.740926907,0.697986577,14649744,52.92387104,7.971869921,0.259073093,0.266295015,0.705882114,2.34605696,58,0.542327684,0.400489002,0.058620642,58,0.719456742
mouse_sample_9-MetaPhlAn,0.685577316,0.845162819,0.887096774,0.866129797,0.579424195,0.585106383,0.582265289,0.687508423,0.705128205,17450114,57.60638083,8.08920777,0.312491577,0.293779323,0.79621758,2.98662289,62,0.451423875,0.501599668,0.079148301,62,0.696318314
plant_sample_0-MetaPhlAn,0.146378817,0.478639899,0.722222222,0.600431061,0.082864401,0.292134831,0.187499616,0.141271255,0.416,28324655,61.98816998,5.176780523,0.858728745,0.872438589,0.881675451,3.690517392,36,0.343985828,0.713843507,0.234759212,36,0.278635627
plant_sample_1-MetaPhlAn,0.208842402,0.447570947,0.666666667,0.557118807,0.102591506,0.266666667,0.184629086,0.166921524,0.380952381,30973018,64.98550627,5.41134075,0.833078476,0.87145534,0.831631583,3.323062833,36,0.410329279,0.642768093,0.164982116,36,0.273936952
plant_sample_10-MetaPhlAn,0.341416178,0.457252914,0.736842105,0.59704751,0.170264155,0.233333333,0.201798744,0.248132792,0.35443038,31429641,62.08467217,8.026479847,0.751867208,0.823603404,0.521978325,1.729300531,38,0.691393371,0.329520659,0.055051457,38,0.301281586
plant_sample_11-MetaPhlAn,0.407093094,0.412795142,0.65625,0.534522571,0.178063043,0.194444444,0.186253744,0.248802711,0.3,33679811,63.50286744,5.410434618,0.751197289,0.816799267,0.420904038,1.438023444,32,0.760985295,0.287604689,0.053963422,32,0.274401356
plant_sample_12-MetaPhlAn,0.12671148,0.372005973,0.65625,0.514127986,0.057784763,0.216494845,0.137139804,0.100031364,0.325581395,28220519,64.32481312,5.477192838,0.899968636,0.926801592,0.831644915,3.041556661,32,0.410313978,0.608311332,0.185619579,32,0.21280638
plant_sample_13-MetaPhlAn,0.268208421,0.494880003,0.705882353,0.600381178,0.145751023,0.216216216,0.180983619,0.225181934,0.331034483,30369896,63.23816003,5.924016561,0.774818066,0.841705475,0.686095749,2.391317236,34,0.56027366,0.470041219,0.093696612,34,0.278108208
plant_sample_14-MetaPhlAn,0.084283074,0.519963806,0.677419355,0.598691581,0.046339935,0.173553719,0.109946827,0.085095991,0.276315789,31373117,60.69721977,6.555283955,0.914904009,0.913287616,0.783900257,2.94874958,31,0.464870265,0.595202409,0.149273961,31,0.18070589
plant_sample_15-MetaPhlAn,0.221609512,0.503014057,0.666666667,0.584840362,0.130437451,0.158730159,0.144583805,0.207156729,0.256410256,28393438,63.62505082,5.249593504,0.792843271,0.866122096,0.771092844,2.659683013,30,0.478444309,0.542030225,0.145619446,30,0.231783493
plant_sample_16-MetaPhlAn,0.427773702,0.195010598,0.6875,0.441255299,0.100286572,0.248120301,0.174203436,0.132456023,0.364640884,36361467,71.52858787,7.39342586,0.867543977,0.896985155,0.738253559,2.456855658,48,0.511613301,0.439905489,0.079593569,48,0.248548454
plant_sample_17-MetaPhlAn,0.256599983,0.520383323,0.696969697,0.60867651,0.146852268,0.2,0.173426134,0.229062934,0.310810811,29893767,63.88840815,4.619596235,0.770937066,0.847745243,0.701409237,2.354075113,33,0.546436641,0.466671528,0.101486831,33,0.269936873
plant_sample_18-MetaPhlAn,0.254860316,0.454307045,0.684210526,0.569258786,0.131063885,0.218487395,0.17477564,0.20343766,0.331210191,30144961,67.22994696,5.040999994,0.79656234,0.862616947,0.609212832,2.212040858,38,0.625132451,0.42150751,0.067340465,38,0.267323926
plant_sample_19-MetaPhlAn,0.280765706,0.417850255,0.684210526,0.551030391,0.130922656,0.236363636,0.183643146,0.199375968,0.351351351,31325127,64.37837428,6.492058532,0.800624032,0.864966484,0.64416786,2.283209951,38,0.596519036,0.435068881,0.073955628,38,0.27536366
plant_sample_2-MetaPhlAn,0.147432042,0.474318866,0.617647059,0.545982962,0.083104635,0.259259259,0.171181947,0.141429617,0.365217391,28224866,64.73395422,3.675951713,0.858570383,0.885387346,0.859837612,3.664148018,34,0.374385197,0.720230915,0.209840636,34,0.253323504
plant_sample_20-MetaPhlAn,0.236222231,0.503461347,0.72972973,0.616595538,0.128627536,0.212598425,0.170612981,0.204904704,0.329268293,30683129,64.82867555,4.395292303,0.795095296,0.867103029,0.66775393,2.230413079,37,0.576410545,0.42814724,0.081346416,37,0.267086498
plant_sample_3-MetaPhlAn,0.141774593,0.433933845,0.75,0.591966923,0.073385562,0.253846154,0.163615858,0.125540157,0.379310345,28496266,65.84051526,6.033020246,0.874459843,0.908507796,0.878880904,3.743446244,44,0.348024864,0.685684244,0.187644009,44,0.252425251
plant_sample_4-MetaPhlAn,0.169971469,0.48714962,0.695652174,0.591400897,0.097845112,0.25,0.173922556,0.162959447,0.367816092,28286961,68.41740595,5.335740055,0.837040553,0.873826426,0.853520037,3.563024124,46,0.382730055,0.64505914,0.148410267,46,0.26538777
plant_sample_5-MetaPhlAn,0.181627268,0.440607518,0.631578947,0.536093233,0.091866594,0.242424242,0.167145418,0.152034103,0.350364964,29699501,65.41198029,5.318917573,0.847965897,0.878470934,0.666291013,2.704670422,38,0.57767904,0.515378769,0.078858498,38,0.251199533
plant_sample_6-MetaPhlAn,0.318274685,0.43269807,0.703703704,0.568200887,0.147655665,0.162393162,0.155024414,0.22017717,0.263888889,32413442,57.95805143,5.459036771,0.77982283,0.845054195,0.495526085,1.696192872,27,0.710265018,0.356726184,0.07341715,27,0.242033029
plant_sample_7-MetaPhlAn,0.231889239,0.503738646,0.692307692,0.598023169,0.1296153,0.204545455,0.167080377,0.206179297,0.315789474,29919088,66.60033355,5.1361528,0.793820703,0.857824082,0.690892407,2.376874403,39,0.555977193,0.449705492,0.082951782,39,0.260984385
plant_sample_8-MetaPhlAn,0.38206984,0.434619131,0.72972973,0.58217443,0.183331211,0.219512195,0.201421703,0.257882377,0.3375,31743711,62.18450872,8.846926308,0.742117623,0.812369358,0.447890773,1.514955809,37,0.743042636,0.290808978,0.048952319,37,0.297691189
plant_sample_9-MetaPhlAn,0.402153519,0.450411007,0.657142857,0.553776932,0.193839499,0.216981132,0.205410315,0.271035701,0.326241135,32353968,64.51437946,5.450291733,0.728964299,0.800894334,0.476019543,1.593043766,35,0.723866787,0.310578255,0.054527661,35,0.298638418
strain_sample_0-MetaPhlAn,0.930221654,0.770248471,0.619047619,0.694648045,0.762033889,0.65,0.706016945,0.766119161,0.634146341,5822710,38.36248149,3.993206883,0.233880839,0.235007253,0.694041885,2.290740573,21,0.553135701,0.521533476,0.155639107,21,0.700132751
strain_sample_1-MetaPhlAn,1.054205694,0.571168951,0.636363636,0.603766294,0.737708329,0.7,0.718854165,0.643843543,0.666666667,8867675,38.3603491,5.180132617,0.356156457,0.341867647,0.796186364,2.752652743,22,0.451457912,0.617265378,0.223020139,22,0.655255105
strain_sample_10-MetaPhlAn,0.99854083,0.715992559,0.619047619,0.667520089,0.741439241,0.65,0.695719621,0.728493751,0.634146341,7092539,34.15774674,5.530990358,0.271506249,0.270958287,0.802140432,2.764989411,21,0.444814752,0.629505827,0.240670937,21,0.681320046
strain_sample_11-MetaPhlAn,1.000618204,0.747145585,0.590909091,0.669027338,0.795167875,0.65,0.722583938,0.770409106,0.619047619,5929886,36.72075284,3.822313374,0.229590894,0.223700579,0.699959813,2.237436617,22,0.547760105,0.501731343,0.151494858,22,0.694728363
strain_sample_12-MetaPhlAn,0.956656788,0.78671262,0.571428571,0.679070596,0.771019591,0.6,0.685509795,0.778787058,0.585365854,5687281,36.50105797,3.859600428,0.221212942,0.221210646,0.73555764,2.446303416,21,0.514240403,0.556950507,0.180073448,21,0.682076456
strain_sample_13-MetaPhlAn,0.97837001,0.748809238,0.5625,0.655654619,0.769941396,0.45,0.609970698,0.759228299,0.5,6184264,36.05456158,1.960498766,0.240771701,0.24032707,0.660692557,2.048703749,16,0.582501695,0.512175937,0.18419873,16,0.629614149
strain_sample_14-MetaPhlAn,0.973080358,0.732468266,0.571428571,0.651948419,0.742133498,0.6,0.671066749,0.737269207,0.585365854,6760805,42.3081942,7.582758748,0.262730793,0.263663137,0.808408656,2.764601921,21,0.43771216,0.629417607,0.248544881,21,0.66131753
strain_sample_15-MetaPhlAn,0.961624321,0.665659332,0.619047619,0.642353475,0.686613513,0.65,0.668306756,0.675974074,0.634146341,8164548,37.34908601,3.914098458,0.324025926,0.324914808,0.765372968,2.494500906,21,0.484383903,0.567923642,0.202956357,21,0.655060208
strain_sample_16-MetaPhlAn,1.016999985,0.700312524,0.523809524,0.612061024,0.73147973,0.55,0.640739865,0.715556904,0.536585366,7537048,42.11634668,6.047919894,0.284443096,0.283841484,0.764128006,2.500863577,21,0.485667264,0.569372232,0.201885128,21,0.626071135
strain_sample_17-MetaPhlAn,1.002327704,0.679427204,0.65,0.664713602,0.749963001,0.65,0.699981501,0.712954746,0.65,7300000,33.03205399,3.332529089,0.287045254,0.28025305,0.745787276,2.337568225,20,0.504195842,0.540862359,0.196685671,20,0.681477373
strain_sample_18-MetaPhlAn,0.878671262,0.821161377,0.555555556,0.688358466,0.778091698,0.5,0.639045849,0.79904658,0.526315789,4831128,37.92447609,2.167517663,0.20095342,0.207902808,0.606743232,1.895550026,18,0.627102792,0.454576527,0.141270437,18,0.662681185
strain_sample_19-MetaPhlAn,1.064519366,0.663742233,0.722222222,0.692982228,0.758861683,0.65,0.704430841,0.708121976,0.684210526,7755174,33.54464121,6.165752258,0.291878024,0.276214447,0.713155035,2.236472436,18,0.535579735,0.536333971,0.193677988,18,0.696166251
strain_sample_2-MetaPhlAn,0.938774025,0.781759256,0.526315789,0.654037523,0.774790884,0.5,0.637395442,0.778259472,0.512820513,5566984,38.27081564,5.462938195,0.221740528,0.220458805,0.72029444,2.133922279,19,0.528872732,0.502344325,0.188167796,19,0.645539992
strain_sample_20-MetaPhlAn,0.962668018,0.743120022,0.571428571,0.657274297,0.743166914,0.6,0.671583457,0.743143467,0.585365854,6578178,37.48110214,3.583271632,0.256856533,0.25686282,0.718181669,2.350392313,21,0.530866472,0.535114403,0.168970725,21,0.66425466
strain_sample_21-MetaPhlAn,1.061882939,0.753756635,0.588235294,0.670995965,0.809730731,0.5,0.654865365,0.780741725,0.540540541,5984019,35.70596575,6.398901382,0.219258275,0.207448921,0.541137482,1.64483228,17,0.677394683,0.402409109,0.128194235,17,0.660641133
strain_sample_22-MetaPhlAn,0.994028693,0.710812354,0.55,0.630406177,0.761335799,0.55,0.6556679,0.735207106,0.55,6775649,40.72938066,6.264521994,0.264792894,0.257388686,0.650952678,2.129234304,20,0.590803118,0.492658429,0.143247053,20,0.642603553
strain_sample_23-MetaPhlAn,1.002622858,0.74233526,0.611111111,0.676723186,0.79073979,0.55,0.670369895,0.765773375,0.578947368,6061474,36.63971195,4.540216695,0.234226625,0.24099305,0.79247616,2.536535957,18,0.455548427,0.608292944,0.267706859,18,0.672360372
strain_sample_24-MetaPhlAn,1.036243318,0.723651519,0.666666667,0.695159093,0.778460659,0.6,0.68923033,0.75005615,0.631578947,6652616,36.90214585,7.497946072,0.24994385,0.239524134,0.725410411,2.235175956,18,0.524013612,0.536023059,0.202322148,18,0.690817548
strain_sample_25-MetaPhlAn,0.971641551,0.623175911,0.590909091,0.607042501,0.69981385,0.65,0.674906925,0.659275145,0.619047619,8329707,37.15587123,7.386178948,0.340724855,0.350949117,0.773992866,2.567645253,22,0.475402848,0.575778591,0.201119959,22,0.639161382
strain_sample_26-MetaPhlAn,0.945877897,0.746939935,0.47826087,0.612600402,0.761559297,0.55,0.655779649,0.754178776,0.511627907,6128860,41.2143423,7.737793744,0.245821224,0.247896069,0.752107541,2.426560801,23,0.497888869,0.536427007,0.175391624,23,0.632903341
strain_sample_27-MetaPhlAn,1.029911722,0.660811787,0.6,0.630405893,0.72318178,0.6,0.66159089,0.690591424,0.6,8116782,39.14971791,3.787076209,0.309408576,0.307162857,0.762745171,2.500086078,20,0.487088787,0.578465449,0.210743867,20,0.645295712
strain_sample_28-MetaPhlAn,1.166130936,0.654511429,0.55,0.602255715,0.789363529,0.55,0.669681765,0.715640158,0.55,8076707,39.13440648,7.284361962,0.284359842,0.239752865,0.643584385,2.110334637,20,0.597006271,0.488285457,0.140285661,20,0.632820079
strain_sample_29-MetaPhlAn,0.961719639,0.772287777,0.588235294,0.680261536,0.77649868,0.5,0.63824934,0.774387504,0.540540541,5752669,36.02739845,5.421390658,0.225612496,0.225341943,0.658315439,2.025985358,17,0.584538635,0.495658416,0.172157411,17,0.657464022
strain_sample_3-MetaPhlAn,0.949047437,0.739290669,0.7,0.719645335,0.714337663,0.7,0.707168832,0.726599995,0.7,7026323,34.51031972,6.878691092,0.273400005,0.274375827,0.728598259,2.341729014,20,0.520963106,0.541825075,0.184228737,20,0.713299997
strain_sample_30-MetaPhlAn,1.031934965,0.711784859,0.611111111,0.661447985,0.764534158,0.55,0.657267079,0.737217135,0.578947368,6968640,38.0791867,6.673943578,0.262782865,0.252140791,0.742671408,2.342406157,18,0.507276285,0.561738198,0.215893442,18,0.658082252
strain_sample_31-MetaPhlAn,1.01718645,0.743843086,0.611111111,0.677477099,0.774353345,0.55,0.662176672,0.758791643,0.578947368,6399833,37.85812163,8.760068645,0.241208357,0.244543006,0.791374945,2.56047736,18,0.456755491,0.614034391,0.266293785,18,0.668869506
strain_sample_32-MetaPhlAn,0.976245221,0.793209947,0.571428571,0.682319259,0.794709436,0.6,0.697354718,0.793958984,0.585365854,5350940,34.87161267,6.216249171,0.206041016,0.206220301,0.752634782,2.313317626,21,0.497359004,0.526673599,0.192505026,21,0.689662419
strain_sample_33-MetaPhlAn,0.998277157,0.771091083,0.565217391,0.668154237,0.77938089,0.65,0.714690445,0.775213825,0.604651163,5941202,36.22769639,2.167127875,0.224786175,0.224891249,0.783876007,2.527233006,23,0.464892148,0.558682081,0.201172763,23,0.689932494
strain_sample_34-MetaPhlAn,1.003593432,0.729670725,0.6,0.664835362,0.789701439,0.6,0.694850719,0.758500169,0.6,6208603,35.53696955,5.54428619,0.241499831,0.256854242,0.637501281,2.016732942,20,0.602079521,0.466628064,0.137931522,20,0.679250084
strain_sample_35-MetaPhlAn,1.002595067,0.725525111,0.65,0.687762556,0.760076441,0.65,0.705038221,0.742398988,0.65,6717052,37.26735523,6.487845861,0.257601012,0.262800009,0.704478057,2.211682164,20,0.543620074,0.511735067,0.169192174,20,0.696199494
strain_sample_36-MetaPhlAn,0.949704032,0.749329583,0.541666667,0.645498125,0.737655303,0.65,0.693827652,0.743446616,0.590909091,6534241,41.29576103,4.763621297,0.256553384,0.256622441,0.668145703,2.066075241,24,0.57606901,0.450619878,0.125557111,24,0.667177854
strain_sample_37-MetaPhlAn,0.997869646,0.707953795,0.565217391,0.636585593,0.740988221,0.65,0.69549411,0.724094432,0.604651163,7164324,39.71459046,5.763722904,0.275905568,0.277146283,0.777502043,2.472822839,23,0.471697672,0.546653912,0.195409708,23,0.664372797
strain_sample_38-MetaPhlAn,0.955466968,0.748555316,0.55,0.649277658,0.764849198,0.55,0.657424599,0.756614544,0.55,6122063,39.55490185,4.675739823,0.243385456,0.246272663,0.762976913,2.419589492,20,0.486850896,0.559840293,0.210949915,20,0.653307272
strain_sample_39-MetaPhlAn,0.963152806,0.763284515,0.619047619,0.691166067,0.752593207,0.65,0.701296603,0.757901158,0.634146341,6249570,34.06680954,6.837733756,0.242098842,0.242034337,0.692787517,2.172527045,21,0.554268385,0.494619773,0.155003622,21,0.69602375
strain_sample_4-MetaPhlAn,1.007891021,0.679923726,0.619047619,0.649485673,0.73485936,0.65,0.69242968,0.706324976,0.634146341,7583828,36.9288787,4.545460556,0.293675024,0.297110935,0.767213906,2.523958427,21,0.482479832,0.574630243,0.204561393,21,0.670235659
strain_sample_40-MetaPhlAn,1.009364977,0.716964727,0.619047619,0.668006173,0.756167759,0.65,0.703083879,0.736044607,0.634146341,6910008,37.97597794,6.105791966,0.263955393,0.266101812,0.771000421,2.577192998,21,0.478539717,0.586750171,0.207943822,21,0.685095474
strain_sample_41-MetaPhlAn,0.994133204,0.726404377,0.571428571,0.648916474,0.768481049,0.6,0.684240524,0.746850545,0.585365854,6516813,37.66845868,3.297808661,0.253149455,0.250446787,0.734697275,2.355386413,21,0.515076234,0.53625141,0.179489478,21,0.666108199
strain_sample_42-MetaPhlAn,0.972628683,0.766486398,0.571428571,0.668957485,0.782735655,0.6,0.691367828,0.77452581,0.585365854,5778554,37.56063288,5.837458081,0.22547419,0.228202251,0.76101211,2.359812213,21,0.488864632,0.537259033,0.199252973,21,0.679945832
strain_sample_43-MetaPhlAn,0.928938017,0.709522543,0.588235294,0.648878918,0.672281064,0.5,0.586140532,0.690399949,0.540540541,7862171,38.57735042,3.62165239,0.309600051,0.31056217,0.732482113,2.374890828,17,0.517221983,0.581018329,0.219886341,17,0.615470245
strain_sample_44-MetaPhlAn,0.961219279,0.670477423,0.55,0.610238712,0.706025602,0.55,0.628012801,0.687792497,0.55,7789063,42.02039464,5.603497481,0.312207503,0.309863074,0.774348334,2.587745685,20,0.475028774,0.598747973,0.22158046,20,0.618896248
strain_sample_45-MetaPhlAn,0.961188882,0.781205942,0.571428571,0.676317257,0.774505448,0.6,0.687252724,0.777841265,0.585365854,5709240,35.1970887,4.560826877,0.222158735,0.223850313,0.44340441,1.519150592,21,0.746054509,0.345865393,0.085554123,21,0.681603559
strain_sample_46-MetaPhlAn,1.122560401,0.727630586,0.578947368,0.653288977,0.841533295,0.55,0.695766648,0.780447947,0.564102564,6119633,37.16355531,5.861082667,0.219552053,0.177204031,0.575801403,1.839691821,19,0.651306086,0.433079853,0.124072968,19,0.672275255
strain_sample_47-MetaPhlAn,0.977331395,0.718097031,0.590909091,0.654503061,0.732212856,0.65,0.691106428,0.725086249,0.619047619,7078435,37.21498321,6.416053183,0.274913751,0.274220836,0.698220979,2.23653438,22,0.549345061,0.501529022,0.150621953,22,0.672066934
strain_sample_48-MetaPhlAn,1.005723393,0.760395223,0.545454545,0.652924884,0.783784354,0.6,0.691892177,0.771912655,0.571428571,6013084,41.00055304,4.700350194,0.228087345,0.232069922,0.80329142,2.72596994,22,0.443519106,0.611281924,0.231075561,22,0.671670613
strain_sample_49-MetaPhlAn,0.938967645,0.644883834,0.590909091,0.617896463,0.730598181,0.65,0.690299091,0.685070326,0.619047619,7408970,36.20367979,6.493579366,0.314929674,0.321987803,0.653462044,1.973309,22,0.588675735,0.442502356,0.131167581,22,0.652058973
strain_sample_5-MetaPhlAn,0.910424811,0.762540419,0.6,0.68127021,0.733931705,0.6,0.666965853,0.7479626,0.6,6223587,38.70727092,3.825528825,0.2520374,0.253036222,0.708820049,2.28598087,20,0.539611772,0.528926169,0.171715119,20,0.6739813
strain_sample_50-MetaPhlAn,0.985203788,0.758819096,0.526315789,0.642567443,0.764781242,0.5,0.632390621,0.761788503,0.512820513,6223626,38.84781942,4.756053941,0.238211497,0.237677514,0.714529296,2.189406873,19,0.534295319,0.515405893,0.184367706,19,0.637304508
strain_sample_51-MetaPhlAn,0.972696821,0.724506513,0.631578947,0.67804273,0.741122955,0.6,0.670561477,0.73272054,0.615384615,6841961,36.86556539,6.169066778,0.26727946,0.269414828,0.787627388,2.604760381,19,0.460839671,0.613183811,0.247826584,19,0.674052578
strain_sample_52-MetaPhlAn,0.970812138,0.735436865,0.590909091,0.663172978,0.751048623,0.65,0.700524312,0.743160763,0.619047619,6565228,39.20893786,5.566453798,0.256839237,0.256898919,0.766374854,2.504335481,22,0.483348638,0.561581765,0.194561871,22,0.681104191
strain_sample_53-MetaPhlAn,1.015524618,0.717567502,0.5,0.608783751,0.751774648,0.4,0.575887324,0.734272894,0.444444444,7019950,39.27649173,9.362490354,0.265727106,0.271863451,0.694406893,2.122585148,16,0.552805378,0.530646287,0.20452032,16,0.589358669
strain_sample_54-MetaPhlAn,1.016971972,0.685476797,0.583333333,0.634405065,0.734491846,0.7,0.717245923,0.709138361,0.636363636,7612021,39.33890872,6.319489303,0.290861639,0.291150336,0.777531968,2.616441931,24,0.47166597,0.570657215,0.187292827,24,0.672750999
strain_sample_55-MetaPhlAn,1.023788567,0.721846212,0.545454545,0.633650379,0.767600869,0.6,0.683800435,0.744020767,0.571428571,6768822,39.17032361,7.134882102,0.255979233,0.261498824,0.775461384,2.504084171,22,0.473855789,0.561525411,0.202435315,22,0.657724669
strain_sample_56-MetaPhlAn,1.005883687,0.720340786,0.523809524,0.622075155,0.745758327,0.55,0.647879163,0.732829226,0.536585366,7030503,41.92901615,2.265239965,0.267170774,0.265105905,0.746195029,2.485250366,21,0.503791355,0.565817569,0.187620626,21,0.634707296
strain_sample_57-MetaPhlAn,1.055920861,0.772500358,0.611111111,0.691805735,0.86514176,0.55,0.70757088,0.816200698,0.578947368,4887730,36.81822206,4.690802681,0.183799302,0.212306658,0.552143003,1.778936741,18,0.669221996,0.426611208,0.124047533,18,0.697574033
strain_sample_58-MetaPhlAn,0.98313413,0.724351253,0.5,0.612175627,0.767060409,0.45,0.608530205,0.745094306,0.473684211,6482340,41.56973726,8.372250084,0.254905694,0.262459998,0.791347554,2.565936134,18,0.456785495,0.615343473,0.266258827,18,0.609389258
strain_sample_59-MetaPhlAn,0.98379769,0.755604468,0.444444444,0.600024456,0.768727605,0.4,0.584363803,0.762109547,0.421052632,6176813,42.40693262,5.516361689,0.237890453,0.23739806,0.700854692,2.178935666,18,0.546942487,0.522535937,0.18571428,18,0.591581089
strain_sample_6-MetaPhlAn,1.005555652,0.720256167,0.565217391,0.642736779,0.776881959,0.65,0.71344098,0.747498193,0.604651163,6511760,39.92185608,7.435719052,0.252501807,0.263614368,0.799810177,2.725677667,23,0.447426509,0.602551196,0.217185171,23,0.676074678
strain_sample_60-MetaPhlAn,0.960226508,0.763204558,0.6875,0.725352279,0.776813582,0.55,0.663406791,0.769948939,0.611111111,5828227,35.05425998,4.655185692,0.230051061,0.228043116,0.668964693,2.10483166,16,0.575357353,0.526207915,0.188801613,16,0.690530025
strain_sample_61-MetaPhlAn,0.95354063,0.592282541,0.6,0.596141271,0.753805232,0.6,0.676902616,0.663352996,0.6,7632304,36.78565229,4.321346636,0.336647004,0.306183845,0.674432472,2.110424839,20,0.570586104,0.488306328,0.15357797,20,0.631676498
strain_sample_62-MetaPhlAn,1.002884657,0.673011164,0.590909091,0.631960127,0.754557349,0.65,0.702278674,0.711455198,0.619047619,7287012,36.0139154,6.032591592,0.288544802,0.290331699,0.758679186,2.485175835,22,0.491244922,0.557285333,0.188357335,22,0.665251408
strain_sample_63-MetaPhlAn,0.999082747,0.549014834,0.6,0.574507417,0.573924551,0.6,0.586962276,0.561193411,0.6,11418335,41.42116673,5.308425895,0.438806589,0.43556022,0.773432074,2.444316215,20,0.475992199,0.565561518,0.22068437,20,0.580596706
strain_sample_64-MetaPhlAn,0.966444027,0.756083675,0.523809524,0.639946599,0.765099003,0.55,0.657549501,0.760564624,0.536585366,6107202,39.81888294,4.315586984,0.239435376,0.239709965,0.702040985,2.206358556,21,0.545857073,0.502322201,0.159817442,21,0.648574995
strain_sample_65-MetaPhlAn,1.042103676,0.557806083,0.55,0.553903041,0.814506706,0.55,0.682253353,0.662147578,0.55,7890645,40.24860014,8.012131221,0.337852422,0.372240975,0.819371289,2.840713961,20,0.425004949,0.65727932,0.276810921,20,0.606073789
strain_sample_66-MetaPhlAn,1.00663898,0.71402229,0.565217391,0.639619841,0.741006094,0.65,0.695503047,0.727263982,0.604651163,7167178,39.54219602,6.122150145,0.272736018,0.274921629,0.714639755,2.245923203,23,0.534192085,0.496494405,0.152362712,23,0.665957572
strain_sample_67-MetaPhlAn,1.042410324,0.723248281,0.55,0.63662414,0.77879531,0.55,0.664397655,0.749994704,0.55,6691225,37.62325462,4.492157341,0.250005296,0.252412079,0.777147499,2.49785725,20,0.472073205,0.577949747,0.224363648,20,0.649997352
strain_sample_68-MetaPhlAn,0.895813805,0.764474341,0.523809524,0.644141933,0.701197485,0.55,0.625598742,0.73147,0.536585366,6687973,40.38067305,7.422119183,0.26853,0.265684467,0.741934379,2.367579334,21,0.508002448,0.539027376,0.18452302,21,0.634027683
strain_sample_69-MetaPhlAn,0.972029756,0.697071526,0.545454545,0.621263036,0.785994987,0.6,0.692997493,0.738867367,0.571428571,6373038,41.7125805,2.222115018,0.261132633,0.243179146,0.7366662,2.630358342,22,0.513161432,0.589841614,0.172611892,22,0.655147969
strain_sample_7-MetaPhlAn,0.960889753,0.699818702,0.583333333,0.641576018,0.758206094,0.7,0.729103047,0.727843321,0.636363636,6693122,37.05437742,5.216104938,0.272156679,0.269520687,0.697806058,2.288660444,24,0.549722684,0.499166666,0.137880549,24,0.682103478
strain_sample_70-MetaPhlAn,0.970229353,0.74438148,0.529411765,0.636896622,0.762745215,0.45,0.606372607,0.75345147,0.486486486,6291757,38.58708284,2.523944596,0.24654853,0.24534189,0.660519892,2.021842971,17,0.582649937,0.494644979,0.173275335,17,0.619968978
strain_sample_71-MetaPhlAn,1.007176991,0.707686733,0.590909091,0.649297912,0.74513564,0.65,0.69756782,0.725928533,0.619047619,7158488,36.79977497,7.409129854,0.274071467,0.278998679,0.741080587,2.404598729,22,0.508842043,0.539216415,0.175554799,22,0.672488076
strain_sample_72-MetaPhlAn,0.948527178,0.668562484,0.6,0.634281242,0.717428584,0.6,0.658714292,0.692134094,0.6,7503427,37.08045086,3.710458807,0.307865906,0.313079774,0.748317823,2.425918343,20,0.501680112,0.561304652,0.198663253,20,0.646067047
strain_sample_73-MetaPhlAn,1.027671302,0.707402376,0.523809524,0.61560595,0.741815457,0.55,0.645907728,0.72420033,0.536585366,7369817,42.02255398,8.893659992,0.27579967,0.277779659,0.758565387,2.456904905,21,0.491360682,0.559364151,0.197233723,21,0.630392848
strain_sample_74-MetaPhlAn,0.947508135,0.794763892,0.571428571,0.683096232,0.779642489,0.6,0.689821244,0.787130573,0.585365854,5422097,37.76614615,4.027001476,0.212869427,0.214609106,0.666802508,2.115238143,21,0.577233531,0.481576794,0.142915384,21,0.686248214
strain_sample_75-MetaPhlAn,0.956889591,0.748497203,0.565217391,0.656857297,0.747329095,0.65,0.698664547,0.747912693,0.604651163,6423627,39.65178081,3.098987106,0.252087307,0.252116624,0.708751252,2.316830454,23,0.539675602,0.512169498,0.149282224,23,0.676281928
strain_sample_76-MetaPhlAn,0.996707341,0.749880951,0.684210526,0.717045739,0.76632365,0.65,0.708161825,0.758013143,0.666666667,6353295,36.43267309,4.131845876,0.241986857,0.243904804,0.800104944,2.593293397,19,0.447096856,0.610484381,0.263296051,19,0.712339905
strain_sample_77-MetaPhlAn,1.077224556,0.689011489,0.6,0.644505745,0.774317748,0.6,0.687158874,0.729178111,0.6,7340630,36.59177565,5.92176208,0.270821889,0.249622093,0.684741722,2.151406228,20,0.561479397,0.497788529,0.158600118,20,0.664589056
strain_sample_78-MetaPhlAn,0.986015984,0.769689171,0.611111111,0.690400141,0.779734352,0.55,0.664867176,0.7746792,0.578947368,5874102,36.29276442,5.347037088,0.2253208,0.223806146,0.721033137,2.201291424,18,0.528173821,0.527897126,0.199147508,18,0.676813284
strain_sample_79-MetaPhlAn,0.996764674,0.727938284,0.545454545,0.636696415,0.758014751,0.6,0.679007376,0.742672136,0.571428571,6692106,40.06691313,6.206515602,0.257327864,0.262339254,0.727315839,2.392433187,22,0.522192516,0.536488367,0.166693017,22,0.657050354
strain_sample_8-MetaPhlAn,0.974972746,0.629332107,0.611111111,0.620221609,0.674947027,0.55,0.612473513,0.651341915,0.578947368,8745662,38.74571543,3.753083168,0.348658085,0.341712116,0.757746854,2.447667923,18,0.492192829,0.586981282,0.22932852,18,0.615144642
strain_sample_80-MetaPhlAn,0.979222507,0.777878849,0.578947368,0.678413109,0.775127613,0.55,0.662563806,0.776500794,0.564102564,5836410,36.74115253,4.98053972,0.223499206,0.223719845,0.724014388,2.253353043,19,0.525344053,0.530459391,0.190704068,19,0.670301679
strain_sample_81-MetaPhlAn,0.965411685,0.748152466,0.611111111,0.679631789,0.74987026,0.55,0.64993513,0.749010379,0.578947368,6444658,38.12614392,9.002213207,0.250989621,0.250633076,0.75195118,2.502249816,18,0.498045656,0.6000707,0.223970248,18,0.663978873
strain_sample_82-MetaPhlAn,1.030013715,0.694425679,0.571428571,0.632927125,0.742247763,0.6,0.671123881,0.717540802,0.585365854,7492535,39.44137448,4.724191747,0.282459198,0.287923195,0.729721259,2.29314931,21,0.51988415,0.522081874,0.176184954,21,0.651453328
strain_sample_83-MetaPhlAn,0.997820939,0.670067435,0.590909091,0.630488263,0.729406015,0.65,0.689703007,0.698478728,0.619047619,7681827,37.23617734,5.702456815,0.301521272,0.302101052,0.724670024,2.321100453,22,0.524719779,0.520492442,0.165091161,22,0.658763173
strain_sample_84-MetaPhlAn,0.951811935,0.777920826,0.565217391,0.671569109,0.790575767,0.65,0.720287883,0.784197245,0.604651163,5423396,39.1837537,8.08184474,0.215802755,0.213853746,0.641858094,2.157598347,23,0.598450625,0.476968895,0.121399535,23,0.694424204
strain_sample_85-MetaPhlAn,0.997711563,0.704117712,0.5,0.602058856,0.815093408,0.5,0.657546704,0.755552271,0.5,6052307,42.37965015,3.314971723,0.244447729,0.218347566,0.716592636,2.374887292,20,0.532360944,0.549497178,0.176424491,20,0.627776135
strain_sample_86-MetaPhlAn,1.001400843,0.724692538,0.545454545,0.635073542,0.750111717,0.6,0.675055858,0.73718307,0.571428571,6885720,38.022958,2.572586248,0.26281693,0.26560166,0.741499295,2.390045038,22,0.508430447,0.535952839,0.175839155,22,0.654305821
strain_sample_87-MetaPhlAn,0.951883243,0.673450804,0.47826087,0.575855837,0.676293431,0.55,0.613146715,0.674869124,0.511627907,8217163,42.9840872,4.654289909,0.325130876,0.325202834,0.766560907,2.468895388,23,0.48315619,0.545785691,0.186250984,23,0.593248516
strain_sample_88-MetaPhlAn,1.012597261,0.716417614,0.619047619,0.667732616,0.75276695,0.65,0.701383475,0.734142619,0.634146341,6992064,37.24745228,5.082787668,0.265857381,0.265140972,0.758240879,2.501864021,21,0.491690795,0.569600004,0.196968981,21,0.68414448
strain_sample_89-MetaPhlAn,1.014564276,0.686441079,0.578947368,0.632694223,0.753673849,0.55,0.651836924,0.718488059,0.564102564,7260180,37.7221169,4.062225478,0.281511941,0.274375432,0.762489415,2.435515991,19,0.487351227,0.573342173,0.221596772,19,0.641295312
strain_sample_9-MetaPhlAn,0.933428362,0.732996336,0.619047619,0.676021977,0.71585833,0.65,0.682929165,0.724325973,0.634146341,6932066,37.23910708,3.879479429,0.275674027,0.276838933,0.727258424,2.382832926,21,0.522247503,0.542500165,0.174594018,21,0.679236157
strain_sample_90-MetaPhlAn,0.964562258,0.716392105,0.619047619,0.667719862,0.712017743,0.65,0.681008871,0.714198226,0.634146341,7361374,38.59496831,4.158554418,0.285801774,0.285663962,0.780654279,2.605512508,21,0.468344322,0.593197681,0.217095859,21,0.674172284
strain_sample_91-MetaPhlAn,0.992660742,0.760027791,0.7,0.730013895,0.762154986,0.7,0.731077493,0.761089902,0.7,6304654,34.81690473,6.586678429,0.238910098,0.238858656,0.764052775,2.515604236,20,0.485744689,0.582056013,0.211911796,20,0.730544951
strain_sample_92-MetaPhlAn,0.97333919,0.730747439,0.619047619,0.674897529,0.779636926,0.65,0.714818463,0.754400933,0.634146341,6164639,35.46631375,6.182482287,0.245599067,0.238190038,0.660473243,2.157933087,21,0.582690145,0.491297163,0.140251237,21,0.694273637
strain_sample_93-MetaPhlAn,0.941832773,0.720040494,0.619047619,0.669544056,0.751489402,0.65,0.700744701,0.735428892,0.634146341,6493610,34.77106942,4.243789474,0.264571108,0.265622981,0.770954781,2.596293335,21,0.478587453,0.591098749,0.207902386,21,0.684787617
strain_sample_94-MetaPhlAn,0.923483476,0.730736501,0.590909091,0.660822796,0.747262379,0.65,0.698631189,0.73890705,0.619047619,6348332,35.20695436,6.070159955,0.26109295,0.259087479,0.710922471,2.313109269,22,0.537660225,0.518700468,0.157239982,22,0.678977335
strain_sample_95-MetaPhlAn,0.982087487,0.740203184,0.476190476,0.60819683,0.759678769,0.5,0.629839385,0.749814534,0.487804878,6455432,40.76250493,2.582858812,0.250185466,0.251934375,0.743464254,2.404357053,21,0.506494354,0.547400568,0.18562344,21,0.618809706
strain_sample_96-MetaPhlAn,0.9370814,0.785399268,0.611111111,0.698255189,0.792207386,0.55,0.671103693,0.788788637,0.578947368,5246229,37.61162164,6.556764822,0.211211363,0.20995156,0.663354342,2.087985588,18,0.580212527,0.500724974,0.165026799,18,0.683868002
strain_sample_97-MetaPhlAn,1.024172218,0.734981545,0.666666667,0.700824106,0.767253163,0.6,0.683626581,0.750770718,0.631578947,6653479,33.89626081,5.774050069,0.249229282,0.244568186,0.757801709,2.415096965,18,0.492137069,0.57917036,0.229380461,18,0.691174833
strain_sample_98-MetaPhlAn,0.939582957,0.712644405,0.523809524,0.618226964,0.724443211,0.55,0.637221606,0.718495373,0.536585366,6983973,42.74189071,2.905374999,0.281504627,0.280370906,0.730474185,2.417731733,21,0.519159587,0.550445585,0.176677131,21,0.627540369
strain_sample_99-MetaPhlAn,1.067752698,0.69729941,0.611111111,0.65420526,0.768510545,0.55,0.659255272,0.731175208,0.578947368,7288524,35.54709552,5.073409897,0.268824792,0.257126615,0.689736334,2.160234067,18,0.557013831,0.51805106,0.179059173,18,0.655061288